:020000040800F2
:1000000000C00020C19B0008E59C0008F19C00088E
:10001000F99C0008019D0008099D000800000000EF
:10002000000000000000000000000000119D00081A
:100030001D9D000800000000299D0008359D000856
:10004000119C0008119C0008119C0008119C0008DC
:10005000119C0008119C0008119C0008119C0008CC
:10006000119C0008119C0008119C0008119C0008BC
:10007000119C0008119C0008119C0008119C0008AC
:10008000119C0008119C0008119C0008119C00089C
:10009000119C0008119C0008119C0008119C00088C
:1000A000119C0008119C0008119C0008119C00087C
:1000B000119C0008292C0008052C0008119C000840
:1000C000119C0008119C0008119C0008119C00085C
:1000D000119C000879780008F9760008119C000846
:1000E000C91D0008119C000800000000119C0008B8
:1000F000119C0008119C0008119C0008119C00082C
:10010000119C0008119C0008119C0008119C00081B
:10011000119C0008119C00080D760008119C000835
:10012000119C0008119C0008119C0008119C0008FB
:1001300010B5054C237833B9044B13B10448AFF321
:1001400000800123237010BD400200200000000049
:10015000FCDB000808B5034B1BB103490348AFF3B0
:10016000008008BD0000000044020020FCDB000805
:10017000034613F8012B002AFBD1181A01387047E7
:1001800081F0004102E000BF83F0004330B54FEA48
:1001900041044FEA430594EA050F08BF90EA020FB5
:1001A0001FBF54EA000C55EA020C7FEA645C7FEA48
:1001B000655C00F0E2804FEA5454D4EB5555B8BF6B
:1001C0006D420CDD2C4480EA020281EA030382EADC
:1001D000000083EA010180EA020281EA0303362D6E
:1001E00088BF30BD11F0004F4FEA01314FF4801C41
:1001F0004CEA113102D0404261EB410113F0004F53
:100200004FEA03334CEA133302D0524263EB430309
:1002100094EA050F00F0A780A4F10104D5F1200EA7
:100220000DDB02FA0EFC22FA05F2801841F1000102
:1002300003FA0EF2801843FA05F359410EE0A5F1D6
:1002400020050EF1200E012A03FA0EFC28BF4CF007
:10025000020C43FA05F3C01851EBE37101F00045BD
:1002600007D54FF0000EDCF1000C7EEB00006EEBCA
:100270000101B1F5801F1BD3B1F5001F0CD3490854
:100280005FEA30004FEA3C0C04F101044FEA4452AB
:1002900012F5800F80F09A80BCF1004F08BF5FEA32
:1002A000500C50F1000041EB045141EA050130BD12
:1002B0005FEA4C0C404141EB0101013C28BFB1F524
:1002C000801FE9D291F0000F04BF01460020B1FA6F
:1002D00081F308BF2033A3F10B03B3F120020CDA42
:1002E0000C3208DD02F1140CC2F10C0201FA0CF020
:1002F00021FA02F10CE002F11402D8BFC2F1200C85
:1003000001FA02F120FA0CFCDCBF41EA0C0190403A
:10031000E41AA2BF01EB0451294330BD6FEA040483
:100320001F3C1CDA0C340EDC04F11404C4F120026E
:1003300020FA04F001FA02F340EA030021FA04F380
:1003400045EA030130BDC4F10C04C4F1200220FAD7
:1003500002F001FA04F340EA0300294630BD21FA15
:1003600004F0294630BD94F0000F83F4801306BFDB
:1003700081F480110134013D4EE77FEA645C18BFCF
:100380007FEA655C29D094EA050F08BF90EA020F66
:1003900005D054EA000C04BF1946104630BD91EA5E
:1003A000030F1EBF0021002030BD5FEA545C05D161
:1003B0004000494128BF41F0004130BD14F58004A0
:1003C0003CBF01F5801130BD01F0004545F0FE4114
:1003D00041F470014FF0000030BD7FEA645C1ABF49
:1003E000194610467FEA655C1CBF0B46024650EA80
:1003F000013406BF52EA033591EA030F41F40021AC
:1004000030BD00BF90F0000F04BF0021704730B531
:100410004FF4806404F132044FF000054FF0000106
:1004200050E700BF90F0000F04BF0021704730B5C7
:100430004FF4806404F1320410F0004548BF40429C
:100440004FF000013EE700BF42004FEAE2014FEAF1
:1004500031014FEA02701FBF12F07F4393F07F4FCC
:1004600081F06051704732F07F4208BF704793F0CF
:100470007F4F04BF41F40021704730B54FF46074E2
:1004800001F0004521F000411CE700BF50EA0102E5
:1004900008BF704730B54FF000050AE050EA01028E
:1004A00008BF704730B511F0004502D5404261EBFE
:1004B00041014FF4806404F132045FEA915C3FF43F
:1004C000D8AE4FF003025FEADC0C18BF03325FEADC
:1004D000DC0C18BF033202EBDC02C2F1200300FA8D
:1004E00003FC20FA02F001FA03FE40EA0E0021FAB2
:1004F00002F11444BDE600BF70B54FF0FF0C4CF4A0
:10050000E06C1CEA11541DBF1CEA135594EA0C0F51
:1005100095EA0C0F00F0DEF82C4481EA030621EA8C
:100520004C5123EA4C5350EA013518BF52EA0335C7
:1005300041F4801143F4801338D0A0FB02CE4FF079
:100540000005E1FB02E506F00042E0FB03E54FF0A9
:100550000006E1FB03569CF0000F18BF4EF0010EA1
:10056000A4F1FF04B6F5007F64F5407404D25FEA9D
:100570004E0E6D4146EB060642EAC62141EA555150
:100580004FEAC52040EA5E504FEACE2EB4F1FD0C92
:1005900088BFBCF5E06F1ED8BEF1004F08BF5FEA10
:1005A000500E50F1000041EB045170BD06F00046C2
:1005B00046EA010140EA020081EA0301B4EB5C046F
:1005C000C2BFD4EB0C0541EA045170BD41F4801167
:1005D0004FF0000E013C00F3AB8014F1360FDEBF8C
:1005E000002001F0004170BDC4F10004203C35DA68
:1005F0000C341BDC04F11404C4F1200500FA05F3EB
:1006000020FA04F001FA05F240EA020001F000428B
:1006100021F0004110EBD37021FA04F642EB060101
:100620005EEA430E08BF20EAD37070BDC4F10C042B
:10063000C4F1200500FA04F320FA05F001FA04F2EF
:1006400040EA020001F0004110EBD37041F10001DB
:100650005EEA430E08BF20EAD37070BDC4F12005E6
:1006600000FA05F24EEA020E20FA04F301FA05F24E
:1006700043EA020321FA04F001F0004121FA04F2F6
:1006800020EA020000EBD3705EEA430E08BF20EAC6
:10069000D37070BD94F0000F0FD101F00046400000
:1006A00041EB010111F4801F08BF013CF7D041EA82
:1006B000060195F0000F18BF704703F00046520086
:1006C00043EB030313F4801F08BF013DF7D043EA57
:1006D0000603704794EA0C0F0CEA135518BF95EA0D
:1006E0000C0F0CD050EA410618BF52EA4306D1D194
:1006F00081EA030101F000414FF0000070BD50EAB3
:10070000410606BF1046194652EA430619D094EA3C
:100710000C0F02D150EA013613D195EA0C0F05D126
:1007200052EA03361CBF104619460AD181EA03017A
:1007300001F0004141F0FE4141F470014FF0000032
:1007400070BD41F0FE4141F4780170BD70B54FF0CD
:10075000FF0C4CF4E06C1CEA11541DBF1CEA13554D
:1007600094EA0C0F95EA0C0F00F0A7F8A4EB05042F
:1007700081EA030E52EA03354FEA013100F0888026
:100780004FEA03334FF0805545EA131343EA1263EF
:100790004FEA022245EA111545EA10654FEA0026A4
:1007A0000EF000419D4208BF964244F1FD0404F55D
:1007B000407402D25B084FEA3202B61A65EB0305B9
:1007C0005B084FEA32024FF480104FF4002CB6EB76
:1007D000020E75EB030E22BFB61A754640EA0C00F6
:1007E0005B084FEA3202B6EB020E75EB030E22BF36
:1007F000B61A754640EA5C005B084FEA3202B6EB77
:10080000020E75EB030E22BFB61A754640EA9C0035
:100810005B084FEA3202B6EB020E75EB030E22BF05
:10082000B61A754640EADC0055EA060E18D04FEAC3
:10083000051545EA16754FEA06164FEAC30343EA63
:1008400052734FEAC2025FEA1C1CC0D111F4801F30
:100850000BD141EA00014FF000004FF0004CB6E729
:1008600011F4801F04BF01430020B4F1FD0C88BFC8
:10087000BCF5E06F3FF6AFAEB5EB030C04BFB6EBD3
:10088000020C5FEA500C50F1000041EB045170BDC6
:100890000EF0004E4EEA113114EB5C04C2BFD4EBF3
:1008A0000C0541EA045170BD41F480114FF0000E77
:1008B000013C90E645EA060E8DE60CEA135594EAF3
:1008C0000C0F08BF95EA0C0F3FF43BAF94EA0C0FF6
:1008D0000AD150EA01347FF434AF95EA0C0F7FF46B
:1008E00025AF104619462CE795EA0C0F06D152EABF
:1008F00003353FF4FDAE1046194622E750EA4106A3
:1009000018BF52EA43067FF4C5AE50EA41047FF4B3
:100910000DAF52EA43057FF4EBAE12E74FF0FF3C18
:1009200006E000BF4FF0010C02E000BF4FF0010CE9
:100930004DF804CD4FEA410C7FEA6C5C4FEA430C62
:1009400018BF7FEA6C5C1BD001B050EA410C0CBFB1
:1009500052EA430C91EA030F02BF90EA020F002013
:10096000704710F1000F91EA030F58BF994208BF7A
:1009700090422CBFD8176FEAE37040F00100704737
:100980004FEA410C7FEA6C5C02D150EA013C07D18E
:100990004FEA430C7FEA6C5CD6D152EA033CD3D0D9
:1009A0005DF8040B704700BF8446104662468C46D3
:1009B0001946634600E000BF01B5FFF7B7FF002806
:1009C00048BF10F1000F01BD4DF808EDFFF7F4FF2F
:1009D0000CBF012000205DF808FB00BF4DF808EDBA
:1009E000FFF7EAFF34BF012000205DF808FB00BFDD
:1009F0004DF808EDFFF7E0FF94BF012000205DF8FF
:100A000008FB00BF4DF808EDFFF7CEFF94BF0120B3
:100A100000205DF808FB00BF4DF808EDFFF7C4FFAC
:100A200034BF012000205DF808FB00BF4FEA410CF5
:100A30007FEA6C5C02D150EA013C0AD14FEA430CD8
:100A40007FEA6C5C02D152EA033C02D14FF0000015
:100A500070474FF0010070474FEA410212F5001253
:100A600015D211D56FF47873B3EB625212D94FEAF5
:100A7000C12343F0004343EA505311F0004F23FADF
:100A800002F018BF404270474FF00000704750EA34
:100A9000013005D111F0004008BF6FF000407047F1
:100AA0004FF00000704700BF4FEA4102B2F1E0434F
:100AB00024BFB3F5001CDCF1FE5C0DD901F0004C45
:100AC0004FEAC0024CEA5070B2F1004F40EB830095
:100AD00008BF20F00100704711F0804F21D113F1C1
:100AE0003872BCBF01F00040704741F480114FEAFA
:100AF0005252C2F11802C2F1200C10FA0CF320FA83
:100B000002F018BF40F001004FEAC1234FEAD3239F
:100B100003FA0CFC40EA0C0023FA02F34FEA430309
:100B2000CCE77FEA625307D150EA01331EBF4FF092
:100B3000FE4040F44000704701F0004040F0FE40AD
:100B400040F40000704700BF80F0004002E000BFAA
:100B500081F0004142001FBF5FEA410392EA030FA8
:100B60007FEA226C7FEA236C6AD04FEA1262D2EBF2
:100B70001363C1BFD218414048404140B8BF5B42F7
:100B8000192B88BF704710F0004F40F4000020F090
:100B90007F4018BF404211F0004F41F4000121F0A6
:100BA0007F4118BF494292EA030F3FD0A2F10102F0
:100BB00041FA03FC10EB0C00C3F1200301FA03F12E
:100BC00000F0004302D5494260EB4000B0F5000F51
:100BD00013D3B0F1807F06D340084FEA310102F110
:100BE0000102FE2A51D2B1F1004F40EBC25008BFC2
:100BF00020F0010040EA03007047490040EB00008C
:100C0000013A28BFB0F5000FEDD2B0FA80FCACF18C
:100C1000080CB2EB0C0200FA0CF0AABF00EBC250B9
:100C200052421843BCBFD0401843704792F0000FA7
:100C300081F4000106BF80F400000132013BB5E7FA
:100C40004FEA41037FEA226C18BF7FEA236C21D070
:100C500092EA030F04D092F0000F08BF08467047D5
:100C600090EA010F1CBF0020704712F07F4F04D1A3
:100C7000400028BF40F00040704712F100723CBFB6
:100C800000F50000704700F0004343F0FE4040F4E0
:100C9000000070477FEA226216BF08467FEA23639E
:100CA0000146420206BF5FEA412390EA010F40F489
:100CB000800070474FF0000304E000BF10F00043D5
:100CC00048BF40425FEA000C08BF704743F09643BC
:100CD00001464FF000001CE050EA010208BF7047D7
:100CE0004FF000030AE000BF50EA010208BF70475E
:100CF00011F0004302D5404261EB41015FEA010C73
:100D000002BF84460146002043F0B64308BFA3F16A
:100D10008053A3F50003BCFA8CF2083AA3EBC2534C
:100D200010DB01FA02FC634400FA02FCC2F120026B
:100D3000BCF1004F20FA02F243EB020008BF20F0A2
:100D40000100704702F1200201FA02FCC2F1200208
:100D500050EA4C0021FA02F243EB020008BF20EAFD
:100D6000DC7070474FF0FF0C1CEAD0521EBF1CEA2B
:100D7000D15392EA0C0F93EA0C0F6FD01A4480EA19
:100D8000010C400218BF5FEA41211ED04FF0006302
:100D900043EA501043EA5111A0FB01310CF000402E
:100DA000B1F5000F3EBF490041EAD3715B0040EA54
:100DB000010062F17F02FD2A1DD8B3F1004F40EB24
:100DC000C25008BF20F00100704790F0000F0CF0F7
:100DD000004C08BF49024CEA502040EA51207F3ABB
:100DE000C2BFD2F1FF0340EAC250704740F4000096
:100DF0004FF00003013A5DDC12F1190FDCBF00F087
:100E000000407047C2F10002410021FA02F1C2F134
:100E1000200200FA02FC5FEA310040F1000053EAD0
:100E20004C0308BF20EADC70704792F0000F00F01E
:100E3000004C02BF400010F4000F013AF9D040EA24
:100E40000C0093F0000F01F0004C02BF490011F4B8
:100E5000000F013BF9D041EA0C018FE70CEAD153B6
:100E600092EA0C0F18BF93EA0C0F0AD030F0004C36
:100E700018BF31F0004CD8D180EA010000F00040EA
:100E8000704790F0000F17BF90F0004F084691F0A8
:100E9000000F91F0004F14D092EA0C0F01D14202E2
:100EA0000FD193EA0C0F03D14B0218BF084608D1AB
:100EB00080EA010000F0004040F0FE4040F40000F5
:100EC000704740F0FE4040F4400070474FF0FF0C88
:100ED0001CEAD0521EBF1CEAD15392EA0C0F93EACF
:100EE0000C0F69D0A2EB030280EA010C49024FEA21
:100EF000402037D04FF0805343EA111143EA1013DA
:100F00000CF000408B4238BF5B0042F17D024FF491
:100F1000000C8B4224BF5B1A40EA0C00B3EB510F6C
:100F200024BFA3EB510340EA5C00B3EB910F24BF55
:100F3000A3EB910340EA9C00B3EBD10F24BFA3EBDA
:100F4000D10340EADC001B0118BF5FEA1C1CE0D1A2
:100F5000FD2A3FF650AF8B4240EBC25008BF20F055
:100F6000010070470CF0004C4CEA50207F32C2BFA9
:100F7000D2F1FF0340EAC250704740F400004FF046
:100F80000003013A37E792F0000F00F0004C02BF77
:100F9000400010F4000F013AF9D040EA0C0093F041
:100FA000000F01F0004C02BF490011F4000F013B9B
:100FB000F9D041EA0C0195E70CEAD15392EA0C0F03
:100FC00008D142027FF47DAF93EA0C0F7FF470AF3B
:100FD000084676E793EA0C0F04D14B023FF44CAF7E
:100FE00008466EE730F0004C18BF31F0004CCAD113
:100FF00030F000427FF45CAF31F000437FF43CAF4F
:101000005FE700BF4FF0FF3C06E000BF4FF0010C70
:1010100002E000BF4FF0010C4DF804CD4FEA400252
:101020004FEA41037FEA226C18BF7FEA236C11D09C
:1010300001B052EA530C18BF90EA010F58BFB2EB4F
:10104000030088BFC81738BF6FEAE17018BF40F0CF
:10105000010070477FEA226C02D15FEA402C05D183
:101060007FEA236CE4D15FEA412CE1D05DF8040B08
:10107000704700BF844608466146FFE70FB5FFF79B
:10108000C9FF002848BF10F1000F0FBD4DF808ED53
:10109000FFF7F4FF0CBF012000205DF808FB00BF44
:1010A0004DF808EDFFF7EAFF34BF012000205DF89E
:1010B00008FB00BF4DF808EDFFF7E0FF94BF0120EB
:1010C00000205DF808FB00BF4DF808EDFFF7D2FFE8
:1010D00094BF012000205DF808FB00BF4DF808ED2B
:1010E000FFF7C8FF34BF012000205DF808FB00BFF8
:1010F0004FEA4002B2F1FE4F0FD34FF09E03B3EB25
:1011000012620DD94FEA002343F0004310F0004F64
:1011100023FA02F018BF404270474FF000007047BA
:1011200012F1610F01D1420205D110F0004008BF59
:101130006FF0004070474FF00000704742000ED241
:10114000B2F1FE4F0BD34FF09E03B3EB126209D402
:101150004FEA002343F0004323FA02F070474FF0B8
:101160000000704712F1610F01D1420202D14FF02D
:10117000FF3070474FF00000704700BF7BB972B975
:101180000029BEBF00204FF0004106E008BF002844
:101190001CBF6FF000414FF0FF3000F0B9B9ADF166
:1011A000080C6DE904CE002909DB002B1ADB00F0E6
:1011B00035F8DDF804E0DDE9022304B07047404271
:1011C00061EB4101002B1BDB00F028F8DDF804E0A7
:1011D000DDE9022304B0404261EB4101524263EB7E
:1011E00043037047524263EB430300F017F8DDF806
:1011F00004E0DDE9022304B0404261EB41017047A5
:10120000524263EB430300F009F8DDF804E0DDE946
:10121000022304B0524263EB430370472DE9F047C9
:10122000089D0F4604468E46002B48D18A4216463A
:1012300061D9B2FA82F24AB1C2F1200301FA02FE88
:1012400020FA03F3964043EA0E0E94404FEA164C00
:10125000BEFBFCF1B7B20CFB11EE01FB07F0230C57
:1012600043EA0E43984209D9F31801F1FF3E80F09A
:10127000ED80984240F2EA80023933441B1AB3FBF6
:10128000FCF00CFB103300FB07F7A4B244EA034464
:10129000A74209D9341900F1FF3380F0D980A74261
:1012A00040F2D6803444023840EA01400021E41B79
:1012B0001DB10023D440C5E90043BDE8F0878B424F
:1012C00006D90DB1C5E9000100210846BDE8F08747
:1012D000B3FA83F1002947D1BB4202D3824200F224
:1012E0000481841A67EB030201209646002DE4D0A6
:1012F000C5E9004EE1E7002A00F09080B2FA82F2E0
:10130000002A40F0A780881B0121370C1FFA86FEB7
:10131000B0FBF7FC07FB1C00230C43EA00430EFB69
:101320000CF0984207D9F3180CF1FF3802D298421A
:1013300000F2E080C4461B1AB3FBF7F007FB103342
:101340000EFB00FEA4B244EA0344A64507D93419B3
:1013500000F1FF3302D2A64500F2C9801846A4EB83
:101360000E0440EA0C40A3E7C1F120068B4022FAAC
:1013700006FC4CEA030C27FA06FA4FEA1C49BAFBB2
:10138000F9F88F4020FA06F309FB18AA1FFA8CFE21
:101390003B4300FA01F708FB0EF01C0C44EA0A4438
:1013A000A04202FA01F20BD91CEB040408F1FF3A47
:1013B00080F09980A04240F29680A8F1020864442F
:1013C000241A98B2B4FBF9F309FB134403FB0EFE95
:1013D00040EA0444A64508D91CEB040403F1FF309D
:1013E0007FD2A6457DD9023B644443EA0840A4EB82
:1013F0000E04A0FB028E74454346F14661D35ED0D5
:1014000055B1FA1A64EB090404FA06F622FA01F35C
:101410001E43CC40C5E9006400214EE743084FEA73
:10142000510C43EAC1710A0C42EA0C428BB2C40768
:10143000B2FBF6F143EA0243BCFBF6FCB64630468B
:1014400037461F22181A41EA0C4161E7714615E739
:10145000184629E7C2F1200321FA03F0964024FA46
:1014600003F397403B43370CB0FBF7F807FB18003A
:101470001FFA86FE190C41EA004108FB0EF0884273
:1014800004FA02F43AD9711808F1FF3C01D28842FB
:101490001ED8091AB1FBF7F808FB0EF007FB18116C
:1014A0009BB243EA014383422FD2F31808F1FF3184
:1014B000C8D28342C6D2A8F102013344C2E74745ED
:1014C0009ED2B8EB02036EEB0C0E0138F14697E7A3
:1014D000301A0144A8F1020CB1FBF7F808FB0EF03A
:1014E000DCE7034681E7D0466AE70846FEE6344477
:1014F000023834E7ACF1020C33441CE7091AC44645
:10150000B1FBF7F808FB0EF0C8E741469AE700BFC9
:10151000704700BFB0B5AEB004AFF860B9607A6094
:10152000B64BC7F8A4307B68C7F89C304FF07E53A9
:10153000C7F88C30D7F8A43083F00043C7F8903058
:101540004FF00003C7F894304FF07E53C7F898303F
:10155000D7F8A430C7F884304FF00003C7F88830BC
:101560004FF07E53FB674FF00003C7F88030A44B69
:1015700007F16C040FCB84E80F00A24BBB664FF061
:101580007E53BB654FF00003FB65D7F8A43083F0B2
:1015900000433B664FF07E537B664FF07E533B65C6
:1015A0004FF000037B6507F1480300221A605A6080
:1015B00007F1400300221A605A6007F1300300224D
:1015C0001A605A609A60DA6007F1200300221A60FC
:1015D0005A609A60DA6007F1180300221A605A60B4
:1015E0004FF000037B61FB6883F000431846FEF771
:1015F0002BFF04460D46B868FEF726FF02460B4651
:10160000204629460BF05EFB02460B461046194663
:10161000FFF74AFA0346C7F8A03007F148030293E0
:10162000794B019307F18C030093012302220221DD
:10163000022000F023FB07F14003029307F19C0313
:10164000019307F184030093012301220121022069
:1016500000F014FBBB6C3A6C11461846FFF77AFA9F
:1016600003461A46694B1A60FB6C7A6C11461846A1
:10167000FFF770FA03461A46644B5A6007F13003CD
:101680000293634B019307F18C0300930223022220
:101690000221022000F0F2FA07F12003029307F181
:1016A0005803019307F13003009302230222022121
:1016B000022000F0E3FA3B6AFA6E11461846FFF783
:1016C00049FA03461A46534B1A607B6A3A6F114631
:1016D0001846FFF73FFA03461A464E4B5A60BB6A5C
:1016E0007A6F11461846FFF735FA03461A46494BFA
:1016F0009A60FB6ABA6F11461846FFF72BFA034649
:101700001A46444BDA6007F118030293414B0193E8
:1017100007F17C030093022302220221012000F042
:10172000ADFA07F11403029307F15003019307F197
:1017300018030093012302220221012000F09EFAE7
:101740007B69BA6E11461846FFF704FA034619463C
:101750004FF07E50FFF7BAFB03467B6107F1480369
:10176000029307F1500301932A4B009301230222B5
:101770000221022000F082FA274B029307F11403A2
:10178000019307F148030093012301220121022064
:1017900000F074FA07F1140302931C4B019307F154
:1017A0007C030093012302220221012000F066FA4B
:1017B0007B691946D7F8A000FFF7CAF903467B6199
:1017C00007F14803029307F114030193124B0093AE
:1017D000012301220121022000F050FA0B4B1B686B
:1017E000BA6C11461846FFF7B5F903461A46064B80
:1017F0001A60064B5B68FA6C11460FE00AD7A33BF0
:1018000018DC000817B7D1385C0200206402002001
:10181000000000206C0200207C0200201846FFF728
:1018200099F903461A46234B5A6007F13003029395
:1018300007F17C030193204B009302230122012135
:10184000022000F01BFA1D4B1B683A6B114618462C
:10185000FFF77EF903463B63184B5B687A6B1146D2
:101860001846FFF775F903467B63144B9B68BA6B08
:1018700011461846FFF76CF90346BB630F4BDB6854
:10188000FA6B11461846FFF763F90346FB630C4BEE
:1018900002930C4B019307F13003009302230222C1
:1018A0000221022000F0EAF9024B1B681846A83713
:1018B000BD46B0BD5C0200207C020020F4DE0008C2
:1018C000000000206C020020B0B5AEB004AFF8609C
:1018D000B9607A60B64BC7F8A4307B68C7F89C3013
:1018E0004FF07E53C7F88C30D7F8A43083F0004314
:1018F000C7F890304FF00003C7F894304FF07E5394
:10190000C7F89830D7F8A430C7F884304FF00003F8
:10191000C7F888304FF07E53FB674FF00003C7F8DD
:101920008030A44B07F16C040FCB84E80F00A24B6E
:10193000BB664FF07E53BB654FF00003FB65D7F8E5
:10194000A43083F000433B664FF07E537B664FF03C
:101950007E533B654FF000037B6507F1480300228F
:101960001A605A6007F1400300221A605A6007F1BA
:10197000300300221A605A609A60DA6007F120038F
:1019800000221A605A609A60DA6007F11803002298
:101990001A605A604FF000037B61FB6883F00043DC
:1019A0001846FEF751FD04460D46B868FEF74CFD9B
:1019B00002460B46204629460BF084F902460B46A8
:1019C00010461946FFF770F80346C7F8A03007F134
:1019D00048030293794B019307F18C030093012391
:1019E00002220221022000F049F907F1400302938C
:1019F00007F19C03019307F1840300930123012263
:101A00000121022000F03AF9BB6C3A6C11461846ED
:101A1000FFF7A0F803461A46694B1A60FB6C7A6C14
:101A200011461846FFF796F803461A46644B5A606B
:101A300007F130030293634B019307F18C0300938A
:101A4000022302220221022000F018F907F12003EC
:101A5000029307F15803019307F130030093022327
:101A600002220221022000F009F93B6AFA6E1146B7
:101A70001846FFF76FF803461A46534B1A607B6A05
:101A80003A6F11461846FFF765F803461A464E4B63
:101A90005A60BB6A7A6F11461846FFF75BF8034637
:101AA0001A46494B9A60FB6ABA6F11461846FFF70F
:101AB00051F803461A46444BDA6007F118030293C3
:101AC000414B019307F17C03009302230222022180
:101AD000012000F0D3F807F11403029307F150033B
:101AE000019307F118030093012302220221012030
:101AF00000F0C4F87B69BA6E11461846FFF72AF861
:101B0000034619464FF07E50FFF7E0F903467B612C
:101B100007F14803029307F1500301932A4B009306
:101B2000012302220221022000F0A8F8274B029391
:101B300007F11403019307F14803009301230122E5
:101B40000121022000F09AF807F1140302931C4BC4
:101B5000019307F17C03009301230222022101205B
:101B600000F08CF87B691946D7F8A000FEF7F0FF6B
:101B700003467B6107F14803029307F114030193C5
:101B8000124B0093012301220121022000F076F87C
:101B90000B4B1B68BA6C11461846FEF7DBFF034679
:101BA0001A46064B1A60064B5B68FA6C11460FE04A
:101BB0000AD7A33B18DC000817B7D13884020020ED
:101BC0008C0200201000002094020020A4020020BB
:101BD0001846FEF7BFFF03461A46234B5A6007F12B
:101BE0003003029307F17C030193204B00930223FF
:101BF00001220121022000F041F81D4B1B683A6BC5
:101C000011461846FEF7A4FF03463B63184B5B687A
:101C10007A6B11461846FEF79BFF03467B63144B15
:101C20009B68BA6B11461846FEF792FF0346BB63EA
:101C30000F4BDB68FA6B11461846FEF789FF034627
:101C4000FB630C4B02930C4B019307F130030093A1
:101C5000022302220221022000F010F8024B1B682E
:101C60001846A837BD46B0BD84020020A40200205B
:101C700004DF000810000020940200202DE9F04F3E
:101C80008DB000AF78613961FA60BB603A697A6003
:101C9000531E3B62002392469B464FF000024FF0DA
:101CA00000034FEA4B1343EADA634FEA4A12BA6879
:101CB0003A60531EFB610023904699464FF00002A4
:101CC0004FF000034FEA491343EAD8634FEA481242
:101CD000BE68731EBB613246002314461D464FF09A
:101CE00000024FF000036B0143EAD46362013A69DA
:101CF000FB689A425BD10023FB6253E00023BB6286
:101D000049E03246FB6A02FB03F39B003A6E134440
:101D1000BA6A4FF0000143F8221000237B6233E0DF
:101D20007A68FB6A02FB03F39B00BA6D13447A6A7C
:101D300053F822003A687B6A02FB03F39B00FA6DBA
:101D40001344BA6A53F822301946FFF70BF80346DA
:101D500018463246FB6A02FB03F39B003A6E1344BB
:101D6000BA6A53F822103246FB6A02FB03F39B0067
:101D70003A6ED418FEF7EEFE03461A46BB6A44F8E4
:101D800023207B6A01337B627A6A3B699A42C7DB14
:101D9000BB6A0133BB62BA6ABB689A42B1DBFB6AB9
:101DA0000133FB62FA6A7B699A42A7DB02E00448CE
:101DB00008F092FD00BF3437BD46BDE8F08F00BF8C
:101DC00028DC000800000000B0B588B000AF8A4BE6
:101DD0001B68002B40F00481884B4FF480525A61FD
:101DE000864B5B69864B1B78184600F031F9002062
:101DF00000F0DEFEF861012000F0DAFE03465B42EF
:101E0000BB61B969F86900F063FBFA69BB69134407
:101E10001846FEF753FF03464FF080411846FFF780
:101E200055F803461846FEF70FFB6FA3D3E90023CE
:101E3000FEF762FB02460B46104619466CA3D3E937
:101E40000023FEF759FB02460B46104619464FF099
:101E500000026C4BFEF77AFC02460B461046194610
:101E60004FF00002684BFEF771FC02460B4610462D
:101E700019464FF00002654BFEF73EFB02460B464B
:101E800010461946FEF710FE0346614A1360614B87
:101E90001B681846FEF7D8FA04460D465C4B1B68D3
:101EA0001846FEF7D1FA4FF00002584BFEF74EFCF1
:101EB00002460B4620462946FEF768F902460B46C5
:101EC00010461946FEF7F0FD0346524A1360524B86
:101ED0001B6852491846FEF7F9FF03461846FEF7FD
:101EE000B3FA41A3D3E90023FEF706FB02460B46F3
:101EF00010461946FEF7D8FD0346494A1360484B81
:101F00001B68484A126811461846FEF721FE034630
:101F100045491846FEF726FF03461A46434B1A600A
:101F20003F4B1B683F4A13603A4B1B687B60384B42
:101F30001B68BB603A4B1B68FB603C4B1B683B61FA
:101F40003B1D0FCB05F006FE7861394B1B687969A4
:101F50001846FEF707FF03461846FFF7C9F8034681
:101F6000344A1360334B1B68334A1360314B1B6890
:101F7000184600F02AFA0346304A40F6282118464F
:101F800000F08CFA03462E4A13602B4B1B68184650
:101F900000F01BFA0346294A40F62821184600F0B3
:101FA0007DFA0346274A13601B4B1B68264A1268BA
:101FB0001146184600F04AFB0346002B0CD1234B78
:101FC0001B78002B08D11E4B1B681E4A1268114655
:101FD000184600F013FA03E00021002000F00EFA8A
:101FE00000BF2037BD46B0BDF1D4C853FB21094026
:101FF0000000000000C050403001214200040140B8
:102000007400002000408F4000609840000069404C
:10201000B0020020AC02002028050020000034435C
:10202000B4020020BC02002000004843B802002097
:1020300020000020C0020020C4020020D8F5FFFFCD
:102040003005002034050020240000203805002041
:10205000B0B58CB002AF0346FB71FB79012B18D1F0
:1020600004F08EFC704B1B68704A1360704BB3F920
:1020700000301846FEF722FE03466E4A13606E4B90
:10208000B3F904301846FEF719FE03466B4A136095
:10209000C1E007F1100407F1140207F1180107F17C
:1020A0001C0007F10803019307F10C03009323467A
:1020B00000F0CCF8624B1B78022B44D1F868B96869
:1020C000FB6983F000431A46FFF724FA03461846DB
:1020D000FEF7BAF952A3D3E90023FEF737FB024615
:1020E0000B46104619464FF00002564BFEF704FA15
:1020F00002460B4610461946FEF7D6FC03464A4AEE
:1021000013603B69B968BA691846FFF7DDFB0346FF
:102110001846FEF799F942A3D3E90023FEF716FB10
:1021200002460B46104619464FF00002454BFEF79B
:10213000E3F902460B4610461946FEF7B5FC034686
:10214000414A136063E03E4B1B78032B5FD1FB6871
:102150001846FEF779F904460D46BB681846FEF7A7
:1021600073F902460B46204629460AF0ABFD4FF0B4
:102170000002344BFEF7C0F902460B4610461946E2
:1021800027A3D3E90023FEF7E1FA02460B461046E7
:102190001946FEF789FC03467B623B691846FEF749
:1021A00053F904460D46BB681846FEF74DF9024642
:1021B0000B46204629460AF085FD4FF00002214BD0
:1021C000FEF79AF902460B461046194614A3D3E9C6
:1021D0000023FEF7BBFA02460B4610461946FEF7EF
:1021E00063FC03463B62FB691946786A00F076FAA5
:1021F000034683F000430C4A1360BB691946386AF2
:1022000000F0A8FA034683F000430F4A1360064B20
:102210001B68064A136000BF2837BD46B0BD00BF2B
:10222000F1D4C853FB2109400403002028050020F5
:10223000F00200202C050020F8020020C802002037
:1022400074000020008066400003002080B58CB040
:1022500000AFF860B9607A603B6007F114030E22AA
:102260003B21D02000F055FF3B7D1BB21B021AB270
:102270007B7D1BB21343FB85BB7D1BB21B021AB2D5
:10228000FB7D1BB21343BB853B7E1BB21B021AB204
:102290007B7E1BB213437B853B7F1BB21B021AB2B2
:1022A0007B7F1BB213433B85BB7F1BB21B021AB261
:1022B000FB7F1BB21343FB8497F820301BB21B0239
:1022C0001AB297F821301BB21343BB84B7F92E30F2
:1022D0001846FEF7F3FC034631491846FEF7F6FDB3
:1022E00003461A463B681A60B7F92C301846FEF7C9
:1022F000E5FC03462A491846FEF7E8FD03461A4660
:10230000BB6B1A60B7F92A301846FEF7D7FC0346B4
:1023100023491846FEF7DAFD03461A46FB6B1A609E
:10232000B7F928301846FEF7C9FC03461D49184680
:10233000FEF7CCFD03461A46FB681A60B7F9263053
:102340001846FEF7BBFC034616491846FEF7BEFDCD
:1023500003461A46BB681A60B7F924301846FEF7E0
:10236000ADFC03460F491846FEF7B0FD03461A467A
:102370007B681A60B7F928305B421846FEF79EFC6E
:102380000346094A1360B7F92A301846FEF796FC4F
:102390000346064A136000BF3037BD4680BD00BF0C
:1023A000E1FAD04433F36A442C050020C80200202F
:1023B00080B483B000AF78607B68002BB8BF5B420D
:1023C00018460C37BD4680BC704780B483B000AF60
:1023D00078607B68002B03DD7B6803F2145307E011
:1023E0007B68002B03DA7B68A3F2145300E07B6860
:1023F00018460C37BD4680BC7047000080B582B0DF
:1024000000AF786039607B68002B05D1224B002239
:102410009A86214B00221A873B68002B06D11E4B5F
:1024200000229A871C4B0022A3F840207B68002BD7
:102430000ADD7868FFF7BCFF0246174B92B21A8795
:10244000154B00229A8609E0134B00221A87786800
:10245000FFF7AEFF0246104B92B29A863B68002B04
:102460000BDD3868FFF7A4FF02460B4B92B29A8748
:10247000094B0022A3F840200AE0074B00229A876C
:102480003868FFF795FF0246034B92B2A3F840204D
:1024900000BF0837BD4680BD0034014080B487B01E
:1024A00000AFF860B9607A60FB687B617A69BB68ED
:1024B0009A4201DDBB687B617A697B689A4201DAE6
:1024C0007B687B617B6918461C37BD4680BC7047C2
:1024D00080B584B000AF786039607868FDF7A2FFFE
:1024E0004FF00002524BFEF707F802460B4610462B
:1024F00019464FF000024F4BFEF728F902460B46F3
:10250000104619464FF000024B4BFEF71FF90246EA
:102510000B46104619464FF00002484BFEF716F9DD
:1025200002460B4610461946FEF7BEFA0346FB600C
:10253000F868FDF789FF3AA3D3E90023FDF7DCFF34
:1025400002460B461046194637A3D3E90023FDF790
:10255000D3FF02460B46104619464FF00002384B97
:10256000FEF7F4F802460B4610461946FEF79CFAB1
:102570000346344A13603868FDF754FF4FF00002F9
:102580002B4BFDF7B9FF02460B46104619464FF09C
:102590000002284BFEF7DAF802460B4610461946B1
:1025A0004FF00002244BFEF7D1F802460B461046CE
:1025B00019464FF00002214BFEF7C8F802460B46C1
:1025C00010461946FEF770FA0346BB60B868FDF77F
:1025D0003BFF13A3D3E90023FDF78EFF02460B4612
:1025E0001046194610A3D3E90023FDF785FF0246E4
:1025F0000B46104619464FF00002114BFEF7A6F8A5
:1026000002460B4610461946FEF74EFA03460E4A9E
:10261000136000BF1037BD4680BD00BFAFF3008020
:10262000F1D4C853FB2109400000000000C0504015
:10263000000069400000104000003E4000002640BD
:1026400000002440CC020020D002002080B584B0DD
:1026500000AF786039601B497868FEF721FD0346BA
:10266000002B18D118497868FEF738FD0346002B77
:1026700011D1164B1B78012B0DD015493868FEF788
:102680000FFD0346002B16D012493868FEF726FDD1
:102690000346002B0FD00123FB730F4B00229A86B9
:1026A0000D4B00221A870C4B00229A870A4B0022FE
:1026B000A3F8402001E00023FB73FB7B1846103792
:1026C000BD4680BD000020C2000020423805002029
:1026D0009A9919410000A04000340140B0B584B07F
:1026E00000AF78603960184BFB607968F868FEF7D6
:1026F00039FB03461C46F9684FF07E50FEF728FA76
:1027000003461D46114B1B6839681846FEF72AFB25
:1027100003461A460E4B1B6819461046FEF71AFA76
:10272000034619462846FEF71DFB03461946204678
:10273000FEF710FA03461A46054B1A60044B1B6855
:1027400018461037BD46B0BD0AD7A33C280000206C
:10275000D4020020B0B584B000AF78603960184B67
:10276000FB607968F868FEF7FDFA03461C46F968D5
:102770004FF07E50FEF7ECF903461D46114B1B68E7
:1027800039681846FEF7EEFA03461A460E4B1B68E8
:1027900019461046FEF7DEF9034619462846FEF7AD
:1027A000E1FA034619462046FEF7D4F903461A46D5
:1027B000054B1A60044B1B6818461037BD46B0BD68
:1027C0000AD7A33C28000020D802002080B586B09C
:1027D00000AF01214FF4017005F0AAFF4FF4004053
:1027E00005F0D4FE20233B800023FB703B461946B6
:1027F0001A4805F0B5FD1A4805F044FB00237B603C
:1028000000233B7200237B724FF46023FB600023A4
:102810003B6101233B753B1D1946114805F06CFBDC
:1028200001210F4805F0BAFB0D4805F0D2FB00BFAF
:102830000B4805F0DDFB0346002BF9D1084805F0F5
:10284000EEFB00BF064805F0F9FB0346002BF9D16B
:1028500000BF00BF1837BD4680BD00BF0008014063
:102860000024014080B584B000AF0346FB714FF4F3
:102870007A73FB81F979072301220E4805F010FCD9
:1028800001210C4805F0F1FB00BF0221094805F0C9
:10289000DCFC0346002B04D1FB895A1EFA81002B75
:1028A000F3D1044805F0C5FC034618461037BD4671
:1028B00080BD00BF0024014080B582B000AF05207C
:1028C000FFF7D0FF0346FB80FB881846FEF7F2F9BE
:1028D000034605491846FEF745FA03463B603B6848
:1028E00018460837BD4680BD3333533A80B582B0B1
:1028F00000AFFFF7E1FF786005497868FEF732FA2C
:1029000003467B607B6818460837BD4680BD00BF24
:10291000C3F5804080B582B000AF0121042005F0EE
:1029200007FF4FF40063BB801023FB710223BB71D0
:102930003B1D1946044805F013FD044B00221A60A4
:1029400000BF0837BD4680BD00080140AC012142F0
:1029500080B582B000AF0F4B1B680F4AA2FB032368
:102960009B0CFB716FF0040005F070FAFB79DB083B
:10297000DAB20A4B1A70094B1B781A465201D21A66
:1029800092001344DB009AB2054B1A8000BF08374F
:10299000BD4680BD7000002083DE1B43DC020020AA
:1029A000DE02002080B485B000AF0346FB80FB88C8
:1029B000124A12881146124A01FB03F35360104B6E
:1029C00000229A600E4B01221A600D4B1B68FB60BF
:1029D000FB6803F00103002B04D0FB6803F4803391
:1029E000002BF2D0064B00221A60054B00229A60A1
:1029F00000BF1437BD4680BC704700BFDE02002018
:102A000010E000E080B485B000AF7860124B1B7816
:102A10001946124A7B6801FB03F353600F4B0022F7
:102A20009A600E4B01221A600C4B1B68FB60FB681E
:102A300003F00103002B04D0FB6803F48033002B68
:102A4000F2D0064B00221A60044B00229A6000BFAD
:102A50001437BD4680BC7047DC02002010E000E067
:102A600080B588B000AF0121022005F07FFE012172
:102A7000042005F05DFEC023BB800423FB713B1DD9
:102A800019461F4805F06CFC07F11403184606F0C0
:102A9000AFFA0023BB824FF6FF733B8300237B8397
:102AA0000023FB8207F114031946164805F0CEFFF8
:102AB000002300220321134806F032FB07F108032C
:102AC000184606F0AEFA0A233B8207F108031946BE
:102AD0000C4806F039FA01210A4806F079FC012277
:102AE0000121084806F0F9FA0021064806F0F2FB39
:102AF0000121044806F0ADFA00BF2037BD4680BD75
:102B0000000801400004004080B588B000AF0121FA
:102B1000042005F02BFE0121082005F009FEC0234A
:102B2000BB800423FB713B1D19461F4805F018FCB0
:102B300007F11403184606F05BFA0023BB824FF638
:102B4000FF733B8300237B830023FB8207F1140385
:102B50001946164805F07AFF002300220321134886
:102B600006F0DEFA07F10803184606F05AFA0A23BF
:102B70003B8207F1080319460C4806F0E5F90121EC
:102B80000A4806F025FC01220121084806F0A5FAB2
:102B90000021064806F09EFB0121044806F059FA80
:102BA00000BF2037BD4680BD000C0140000800403A
:102BB00080B485B000AF0346FB71FB79002B02D0D7
:102BC000012B09D011E00D4B9B8C9BB21BB2FB601B
:102BD0000A4B00229A840AE0094B9B8C9BB21BB2E1
:102BE000FB60074B00229A8401E00023FB60FB6836
:102BF00018461437BD4680BC704700BF0004004033
:102C00000008004080B400AF064B1B8A054B1B8AAE
:102C10009BB2044A23F001039BB2138200BFBD465E
:102C200080BC70470008004080B400AF064B1B8A90
:102C3000054B1B8A9BB2044A23F001039BB213820B
:102C400000BFBD4680BC70470004004080B582B024
:102C500000AF0121082005F06BFD4FF44063BB80FD
:102C60001023FB710323BB713B1D1946034805F07C
:102C700077FB00BF0837BD4680BD00BF000C014098
:102C800080B500AF164B5B68154A23F47063536040
:102C9000134B5B68124A43F440735360114B01229B
:102CA0001A60114B1B68002B01D1002315E00F4B5C
:102CB00001221A600120FFF7A5FE0A4B00221A60CC
:102CC000094B1B68002B01D0002306E00120FFF711
:102CD00099FE064B00221A600123184680BD00BFF2
:102CE000000C0140A881214228812142AC8121426F
:102CF00080B500AF0F4B5B680E4A23F470635360DE
:102D00000C4B5B680B4A43F4407353600A4B002240
:102D10001A600A4B00221A600120FFF773FE064B6F
:102D200001221A60054B01221A600120FFF76AFE9A
:102D300000BF80BD000C0140AC812142A88121422E
:102D400080B582B000AF0023FB71194B5B68184A55
:102D500023F470635360164B5B68154A43F40063B9
:102D60005360144B01221A600120FFF74BFE124BF7
:102D700001221A600120FFF745FE0CE0FB790133C8
:102D8000FB71FB79322B03D9FFF7B2FF00230AE076
:102D90000120FFF737FE094B1B68002BEED1064BD5
:102DA00000221A60012318460837BD4680BD00BFC7
:102DB000000C0140A8812142AC812142288121429E
:102DC00080B500AF0F4B00221A600F4B5B680E4AB4
:102DD00023F4706353600C4B5B680B4A43F44073FD
:102DE00053600A4B00221A600120FFF70BFE054BCF
:102DF00001221A600120FFF705FE024B00221A6033
:102E000000BF80BDAC812142000C0140A88121425D
:102E100080B500AF0F4B00221A600F4B5B680E4A63
:102E200023F4706353600C4B5B680B4A43F44073AC
:102E300053600A4B01221A600120FFF7E3FD054BA6
:102E400001221A600120FFF7DDFD024B00221A600B
:102E500000BF80BDAC812142000C0140A88121420D
:102E600080B584B000AF0346FB711A4B5B68194A0A
:102E700023F470635360174B5B68164A43F4407346
:102E80005360154B00221A600023FB7319E0FB7995
:102E9000DB09DAB2114B1A60FB795B00FB71012090
:102EA000FFF7B0FD0C4B01221A600120FFF7AAFDCD
:102EB000094B00221A600120FFF7A4FDFB7B0133C0
:102EC000FB73FB7B072BE2D900BF00BF1037BD4669
:102ED00080BD00BF000C0140AC812142A88121428D
:102EE00080B584B000AF3B600346FB710B46BB71FD
:102EF00013467B71FFF7C4FE0346002B01D101236B
:102F000031E0FB795B00DBB21846FFF7A9FFFFF762
:102F100017FF0346002B03D1FFF7EAFE012322E04F
:102F2000BB791846FFF79CFFFFF70AFF0023FB6001
:102F300012E0FB683A6813441B781846FFF790FFCD
:102F4000FFF7FEFE0346002B03D1FFF7D1FE00235F
:102F500009E0FB680133FB607B79FA689A42E8DBA1
:102F6000FFF7C6FE002318461037BD4680BD80B56A
:102F700082B000AF3B600346FB710B46BB7113464A
:102F80007B71FFF77DFE0346002B01D101233FE05B
:102F9000FB795B00DBB21846FFF762FFFFF7D0FE5C
:102FA0000346002B03D1FFF7A3FE012330E0BB79DA
:102FB0001846FFF755FFFFF7C3FEFFF761FEFB79E9
:102FC0005B00DBB20133DBB21846FFF749FFFFF7C6
:102FD000B7FE17E07B79012B07D1002000F01CF829
:102FE00003461A463B681A7006E0012000F014F808
:102FF00003461A463B681A703B6801333B607B7995
:10300000013B7B717B79002BE4D1FFF771FE00233C
:1030100018460837BD4680BD80B584B000AF034672
:10302000FB710023BB731C4B5B681B4A23F470636A
:103030005360194B5B68184A43F4006353600023E4
:10304000FB7318E0154B00221A600220FFF7DAFC30
:10305000124B01221A60BB7B5B00BB73104B1B68D9
:10306000002B02D0BB7B0133BB730220FFF7CAFCED
:10307000FB7B0133FB73FB7B072BE3D9FB79002B35
:1030800002D0FFF79DFE01E0FFF7C2FEBB7B1846B2
:103090001037BD4680BD00BF000C0140AC8121420D
:1030A0002881214280B584B000AF03460A46FB71F7
:1030B0001346BB710023FB73FFF7E2FDFB79184653
:1030C000FFF7CEFEFB7B0133FB73FFF739FEBB79C5
:1030D0001846FFF7C5FEFB7B0133FB73FFF730FE9D
:1030E000FFF7CEFDFB790133DBB21846FFF7B8FEE0
:1030F000FB7B0133FB73FFF723FE0020FFF78CFF00
:103100000346FB73FFF7F4FDFB7B18461037BD4603
:1031100080BD90B585B000AF3B600346FB710B46A8
:10312000BB7113467B710023FB73FFF7A9FDFB798D
:103130001846FFF795FEFFF703FEBB791846FFF729
:103140008FFEFFF7FDFDFFF79BFDFB790133DBB23F
:103150001846FFF785FEFFF7F3FD0023FB7318E029
:10316000FA7B7B79013B9A4208D0FB7B3A68D41802
:103170000120FFF751FF0346237007E0FB7B3A680D
:10318000D4180020FFF748FF03462370FB7B013370
:10319000FB73FA7B7B799A42E2D3FFF7A9FDFB7BB5
:1031A00018461437BD4690BD80B584B000AF3B6073
:1031B0000346FB710B46BB7113467B710023FB7307
:1031C000FFF75EFDFB791846FFF74AFEFFF7B8FDF3
:1031D000BB791846FFF744FEFFF7B2FD0023FB73EF
:1031E0000BE0FB7B3A6813441B781846FFF738FE68
:1031F000FFF7A6FDFB7B0133FB73FA7B7B799A42D9
:10320000EFD3FFF775FD012318461037BD4680BD8B
:1032100080B582B000AF03463A60FB710B46BB71CC
:10322000BA79FB7911461846FFF73CFF03461A4668
:103230003B681A70012318460837BD4680BD80B52B
:1032400082B000AF0346FB710B46BB7113467B7126
:103250007B1DB979F8790122FFF7A6FF03461846CE
:103260000837BD4680BD90B585B000AF044608461E
:1032700011461A462346FB710346BB710B467B7110
:1032800013463B7107F10E02B979FB791846FFF737
:10329000BFFF0346002B37D07B790133FF2202FAB0
:1032A00003F35AB27B79C3F108013B790B44013B2C
:1032B000FF2141FA03F35BB213435BB2FB7397F850
:1032C00020203B79C3F1080302FA03F387F820308A
:1032D00097F820207B79C3F1070342FA03F387F8BC
:1032E0002030BA7BFB7B1340DBB2BB73BA7B97F811
:1032F00020301343DBB2BB73BA7BB979FB79184634
:10330000FFF79DFF034600E0002318461437BD4633
:1033100090BD90B585B000AF0446084611461A46E8
:103320002346FB710346BB710B467B7113463B7111
:1033300007F10F02B979FB791846FFF769FF3B796E
:10334000002B0AD07B79012202FA03F35AB2FB7BED
:103350005BB213435BB2DBB20BE07B79012202FA72
:1033600003F35BB2DB435AB2FB7B5BB213405BB24D
:10337000DBB2FB73FA7BB979FB791846FFF75FFF85
:10338000034618461437BD4690BD000080B584B092
:1033900000AF0121012005F0CBF90121042005F047
:1033A000C7F94FF48053BB814823FB7307F10C032B
:1033B0001946124804F0D4FF0C21002005F0A6F8AD
:1033C0004FF480537B6000233B720C237B720123FC
:1033D000BB723B1D184604F051FF28233B700223AB
:1033E0007B700123BB700123FB703B46184604F041
:1033F000CBFC00BF1037BD4680BD00BF00080140B8
:1034000080B500AF4FF48071054805F065F80346BC
:10341000002B01D1012300E00023184680BD00BF2E
:103420000008014080B582B000AF0346FB71FFF792
:10343000E7FF0346012B09D11420FFF7B3FAFFF78A
:10344000DFFF0346012B01D1012300E000231846D2
:103450000837BD4680BD000080B582B000AF0121B5
:10346000042005F065F94FF48073BB804823FB719D
:103470003B1D1946034804F073FF00BF0837BD46E3
:1034800080BD00BF0008014080B582B000AF0121BF
:10349000082005F04DF90823BB801023FB7102239F
:1034A000BB713B1D1946054804F05AFF044B00222E
:1034B0001A6000BF0837BD4680BD00BF000C014048
:1034C0008C81214280B584B000AF0346FB71294B4B
:1034D00093F82430002B1CD0FB79002B02D0022360
:1034E000FB7301E00023FB73224B5B681878214BD0
:1034F0001B68D97B07F10F030122FFF7F1FC03469C
:10350000002B02D04FF0FF3330E0FA7B194B5A7496
:103510002BE0184B9B7A002B02D14FF0FF3325E0B4
:10352000FB79002B05D0134B5B7C002B01D00023D3
:103530001CE0FB79002B02D00123FB7301E0002388
:10354000FB730C4B5B6818780A4B1B68D97B07F13F
:103550000F030122FFF7C4FC0346002B02D04FF0FB
:10356000FF3303E0FA7B034B5A74002318461037ED
:10357000BD4680BD2C00002080B582B000AF802306
:103580003B70834B5B681878814B1B68997C3B468A
:103590000122FFF7A5FC0346002B02D04FF0FF33BA
:1035A000F1E06420FFF7FEF900233B70784B5B6885
:1035B0001878774B1B68997C3B460122FFF790FCFB
:1035C0000346002B02D04FF0FF33DCE0704B5B680A
:1035D00018786F4B1B68997D3B460622FFF7C7FCA6
:1035E0000346002B02D04FF0FF33CCE07B795BB277
:1035F0009B005BB203F004035AB2FB785BB25B0042
:103600005BB203F002035BB213435AB27B785BB246
:1036100003F001035BB213435BB2FB71FB79002B38
:1036200015D0FB79012B03D1594B0122DA7438E014
:10363000FB79022B03D1564B0022DA7431E0FB797F
:103640001946544807F048F94FF0FF339BE0504BC0
:103650005B6818784E4B1B68D9783B460122FFF710
:1036600086FC0346002B02D04FF0FF338BE03B7803
:1036700003F00F03FB71FB79002B05D1464807F0DF
:1036800093F94FF0FF337EE0FB79042B06D14348DA
:1036900007F08AF93E4B0122DA7402E03C4B00222B
:1036A000DA743B4BFF229A72394BFF221A72384B65
:1036B000FF225A72364BFF22DA72354B4FF6FF72F9
:1036C000DA81334BFF221A74314BFF229A74304B4C
:1036D00001221A732E4B012283F822202C4B002248
:1036E00083F823202A4B00225A75294B00221A7591
:1036F0000C2200212A4807F067FA254B002283F8A4
:103700002420234B002283F82520214B0022DA8439
:103710004FF4FA6000F0F6F90346002B02D04FF0A8
:10372000FF3330E0022000F07BFA0346002B02D08A
:103730004FF0FF3327E02A2000F016FB0346002B52
:1037400002D04FF0FF331EE0322000F073FB03463F
:10375000002B02D04FF0FF3315E0002000F056FCA4
:103760000346002B02D04FF0FF330CE0002000F0A6
:10377000A5FD0346002B02D04FF0FF3303E00020ED
:1037800000F096FC002318460837BD4680BD00BFF8
:103790002C00002040DC000868DC0008B8DC0008D1
:1037A0004200002080B584B000AF0346FB71FB7976
:1037B000282B02D94FF0FF336BE0FB79002B1CD193
:1037C000002000F041FE00233B7307237B73334B43
:1037D0005B681878314B1B68997C07F10C03022257
:1037E000FFF77EFB0346002B02D04FF0FF3350E083
:1037F0002A4B00221A7500234BE0012000F024FE22
:1038000020233B73FB79012B05D100237B7305201B
:1038100000F0AAFA16E0FB79052B05D801237B738B
:10382000052000F0A1FA0DE0FB79142B05D8022346
:103830007B730A2000F098FA04E003237B731420C2
:1038400000F092FA7B7B5BB29B015BB243F0070313
:103850005BB2DBB27B73114B5B6818780F4B1B6854
:10386000997C07F10C030222FFF73AFB0346002B79
:1038700002D04FF0FF330CE0084B08229A72074B3E
:1038800000221A73054B01221A75002000F0BEFBBE
:10389000002318461037BD4680BD00BF2C00002015
:1038A00080B582B000AF7B4B9B7A002B02D14FF0EA
:1038B000FF33EBE00023FB71764B5B681878754BA8
:1038C0001B68D97BFB1D0122FFF70AFB0346002B77
:1038D00002D04FF0FF33D9E06E4B5B6818786D4B28
:1038E0001B685979FB1D0122FFF7FAFA0346002BEA
:1038F00002D04FF0FF33C9E0664B5B681878654B28
:103900001B681979FB1D0122FFF7EAFA0346002B19
:1039100002D04FF0FF33B9E05E4B93F82430002B18
:1039200059D00C23FB715B4B5B681878594B1B68B3
:103930001979FB1D0122FFF7D3FA0346002B02D0B1
:103940004FF0FF33A2E0C023FB71524B9B7A03F090
:103950000103002B04D0FB7943F02003DBB2FB71A1
:103960004C4B5B6818784B4B1B681979FB1D012287
:10397000FFF7B6FA0346002B02D04FF0FF3385E085
:10398000444B5B7C002B02D00223FB7101E000233F
:10399000FB71404B5B6818783E4B1B68D97BFB1D65
:1039A0000122FFF79DFA0346002B02D04FF0FF33B0
:1039B0006CE00023FB71374B5B681878354B1B6854
:1039C0005979FB1D0122FFF78BFA0346002B5CD0CF
:1039D0004FF0FF335AE00423FB712E4B5B681878DD
:1039E0002C4B1B681979FB1D0122FFF779FA03465E
:1039F000002B02D04FF0FF3348E0264B9B7C002B7E
:103A000005D1244B9B7A03F00103002B02D1402304
:103A1000FB7101E06023FB711E4B5B6818781D4B46
:103A20001B681979FB1D0122FFF75AFA0346002B88
:103A300002D04FF0FF3329E0164B5B7C002B02D005
:103A40000123FB7101E00023FB71124B5B681878C6
:103A5000104B1B68D97BFB1D0122FFF741FA03467F
:103A6000002B02D04FF0FF3310E00A4B5B68187850
:103A7000084B1B685979084B0122FFF731FA0346BE
:103A8000002B02D04FF0FF3300E000231846083728
:103A9000BD4680BD2C0000203C00002080B483B0D7
:103AA00000AF7860164B1B7A032B1ED801A252F888
:103AB00023F000BFC53A0008CD3A0008D73A000805
:103AC000E13A00087B68FA221A8012E07B684FF422
:103AD000FA721A800DE07B684FF47A721A8008E05F
:103AE0007B684FF4FA621A8003E07B6800221A8038
:103AF00000BF002318460C37BD4680BC704700BF8E
:103B00002C00002080B584B000AF0346FB80264B1C
:103B10009B7A002B02D14FF0FF3341E0FB88B3F5D5
:103B2000FA6F17D0B3F5FA6F17DCB3F57A7F0ED0C2
:103B3000B3F57A7F11DCFA2B03D0B3F5FA7F03D00B
:103B40000BE00023FB730BE00823FB7308E010235A
:103B5000FB7305E01823FB7302E04FF0FF331FE017
:103B6000114B1A7AFB7BDB08DBB29A4201D10023AE
:103B700016E00D4B5B6818780B4B1B68997907F1C1
:103B80000F030122FFF7ACF90346002B02D04FF0E0
:103B9000FF3305E0FB7BDB08DAB2034B1A7200232C
:103BA00018461037BD4680BD2C00002080B483B07D
:103BB00000AF7860194B5B7A032B1BD801A252F837
:103BC00023F000BFD53B0008DD3B0008E53B0008C3
:103BD000ED3B00087B6802221A700EE07B6804222D
:103BE0001A700AE07B6808221A7006E07B681022CF
:103BF0001A7002E04FF0FF330AE0084BDB7C002B29
:103C000005D07B681B785B00DAB27B681A700023F2
:103C100018460C37BD4680BC704700BF2C00002002
:103C200080B584B000AF0346FB71304B9B7A002B0C
:103C300002D14FF0FF3354E0FB79023B0E2B2DD81D
:103C400001A252F823F000BF853C00089D3C00080B
:103C50008B3C00089D3C00089D3C00089D3C0008F2
:103C6000913C00089D3C00089D3C00089D3C0008DC
:103C70009D3C00089D3C00089D3C00089D3C0008C0
:103C8000973C00080023FB730BE00823FB7308E05C
:103C90001023FB7305E01823FB7302E04FF0FF33A2
:103CA0001FE0124B5A7AFB7BDB08DBB29A4201D150
:103CB000002316E00D4B5B6818780C4B1B68D97914
:103CC00007F10F030122FFF70BF90346002B02D087
:103CD0004FF0FF3305E0FB7BDB08DAB2034B5A728F
:103CE000002318461037BD4680BD00BF2C000020C1
:103CF00080B483B000AF78601A4BDB7A013B052BB0
:103D000026D801A252F823F0213D0008293D0008E1
:103D1000313D0008393D0008413D0008493D00089B
:103D20007B68BC221A8017E07B6862221A8013E04D
:103D30007B682A221A800FE07B6814221A800BE02D
:103D40007B680A221A8007E07B6805221A8003E05C
:103D50007B6800221A8000BF002318460C37BD463E
:103D600080BC70472C00002080B584B000AF0346B3
:103D7000FB80234B9B7A002B02D14FF0FF333BE0BB
:103D8000FB88BB2B02D90123FB7319E0FB88612B55
:103D900002D90223FB7313E0FB88292B02D90323EA
:103DA000FB730DE0FB88132B02D90423FB7307E0A0
:103DB000FB88092B02D90523FB7301E00623FB7363
:103DC0000F4BDA7AFB7B9A4201D1002314E00C4BB3
:103DD0005B6818780A4B1B68997807F10F0301227A
:103DE000FFF77EF80346002B02D04FF0FF3303E0CD
:103DF000FA7B034BDA72002318461037BD4680BDAC
:103E00002C00002080B483B000AF7860084B93F89A
:103E10002430002B02D04FF0FF3304E0044BDA894A
:103E20007B681A80002318460C37BD4680BC70475B
:103E30002C00002080B584B000AF0346FB802F4BE0
:103E40009B7A002B02D14FF0FF3353E02B4B93F8BA
:103E50002430002B02D04FF0FF334BE0274B1B7D6B
:103E6000002B0FD0FB88002B09D0FB88282B06D80D
:103E7000FB88DBB21846FFF795FC00233AE00020F0
:103E8000FFF790FCFB88032B02D80423FB8006E09D
:103E9000FB88B3F57A7F02D94FF47A73FB80FB88F5
:103EA0004FF47A7292FBF3F3DBB2013BDBB2FB73AC
:103EB000124B5B681878114B1B68597807F10F0398
:103EC0000122FFF70DF80346002B02D04FF0FF331D
:103ED00010E0FB7B01334FF47A7292FBF3F39AB25A
:103EE000064BDA81054BDB895B089BB21846FFF76E
:103EF0003BFF002318461037BD4680BD2C00002034
:103F000080B483B000AF7860144B1B7A032B1BD8AE
:103F100001A252F823F000BF293F0008313F0008FA
:103F2000393F0008413F00087B680D4A1A600EE0E7
:103F30007B680C4A1A600AE07B680B4A1A6006E04C
:103F40007B680A4A1A6002E04FF0FF3300E000236A
:103F500018460C37BD4680BC704700BF2C000020BF
:103F60000000034300008342333303423333834171
:103F700080B483B000AF78601B4B5B7A032B1FD8F3
:103F800001A252F823F000BF993F0008A33F0008A8
:103F9000AD3F0008B73F00087B684FF480421A80AD
:103FA00011E07B6841F69C721A800CE07B684FF44C
:103FB00080521A8007E07B684FF400621A8002E0AA
:103FC0004FF0FF330AE0084BDB7C002B05D07B6809
:103FD0001B885B089AB27B681A80002318460C374E
:103FE000BD4680BC704700BF2C00002080B483B069
:103FF00000AF7860044B1A7C7B681A700023184667
:104000000C37BD4680BC70472C00002080B584B0C2
:1040100000AF0346FB710023FB60FB7923F0010333
:10402000FB71224B93F82430002B01D0002338E0A1
:104030001E4B9B7A002B02D14FF0FF3331E01B4B1C
:104040001B7CFB72194B9A7AFB791340DAB2174B3F
:104050001A74164B1B7CFA799A4203D04FF0FF3347
:10406000FB6001E00023FB60FB79002B03D10F4BC9
:104070001B7D002B03D00120FFF724FA02E0002073
:10408000FFF720FAFB79002B0AD0FFF709FC034663
:10409000002B05D0054AFB7A13744FF0FF3300E084
:1040A000FB6818461037BD4680BD00BF2C000020BD
:1040B00080B584B000AF0346FB71FB7903F0700359
:1040C000002B02D00123FB7307E0FB79002B02D009
:1040D0000023FB7301E04023FB73374B5B681878C8
:1040E000354B1B68997C07F10F030122FEF7F8FEA0
:1040F0000346002B05D0304B00229A724FF0FF335D
:1041000056E0FB7B23F04003DAB22B4B1A730023FB
:10411000FB73FB7903F04003002B04D1FB7B43F0DE
:104120000403DBB2FB73FB7903F02003002B04D103
:10413000FB7B43F00203DBB2FB73FB7903F010035C
:10414000002B04D1FB7B43F00103DBB2FB73FB7953
:1041500003F00803002B04D1FB7B43F03803DBB2F0
:10416000FB73154B5B681878134B1B68D97C07F100
:104170000F030122FEF7B4FE0346002B05D00E4BC1
:1041800000229A724FF0FF3312E0FB79002B05D02A
:10419000FB79082B02D0002000F056F9064AFB7983
:1041A0009372054B00221A753220FEF7FBFB0023A9
:1041B00018461037BD4680BD2C00002080B586B063
:1041C00000AF0346B9607A60FB813B4B93F8243023
:1041D000002B02D14FF0FF3369E0374B9B7A002B65
:1041E00002D14FF0FF3362E0334B5B681878324BFB
:1041F0001B68997A07F114030222FEF7B8FE034602
:10420000002B02D04FF0FF3351E03B7D1BB21B026D
:104210001AB27B7D1BB213431BB2FB82FA8AFB8965
:104220009A4205D27B6800221A704FF0FF333EE0BD
:10423000214B5B685B885B089BB2FA8A9A421AD969
:104240001D4B5B6818781C4B1B68597C07F11403E5
:104250000122FEF78CFE0346002B02D04FF0FF3305
:1042600025E03B7D03F01003002B04D0FFF718FB83
:104270006FF001031BE0104B5B6818780E4B1B6856
:10428000D97AFB89DAB2BB68FEF771FE0346002BD0
:1042900002D04FF0FF330AE0FA8AFB89B2FBF3F356
:1042A0009BB2DBB2013BDAB27B681A70002318467E
:1042B0001837BD4680BD00BF2C00002080B584B0FB
:1042C00000AF0346FB715F4B9B7CFA799A4201D1A8
:1042D0000023B2E0FB79002B50D05A4B5B68187872
:1042E000584B1B68197907F10F030122FEF73FFEB7
:1042F0000346002B02D04FF0FF339EE0FB7B23F000
:104300002003DBB2FB734F4B5B6818784D4B1B6887
:10431000197907F10F030122FEF7E2FD0346002B96
:1043200002D04FF0FF3388E00320FEF73BFB02236F
:10433000FB73444B93F82230002B04D0FB7B63F0DB
:104340007F03DBB2FB733F4B93F82330002B04D089
:10435000FB7B43F03003DBB2FB733A4B5B681878AE
:10436000384B1B68197D07F10F030122FEF7B8FDDA
:104370000346002B5DD04FF0FF335EE0314B5B68AE
:104380001878304B1B68197907F10F030122FEF7EB
:10439000EEFD0346002B02D04FF0FF334DE0294BDA
:1043A0009B7A03F00103002B05D0FB7B43F0200335
:1043B000DBB2FB7304E0FB7B23F02003DBB2FB7377
:1043C000204B5B6818781F4B1B68197907F10F03A6
:1043D0000122FEF785FD0346002B02D04FF0FF338C
:1043E0002BE00320FEF7DEFA164B93F82230002B69
:1043F00002D08023FB7301E00023FB73114B93F881
:104400002330002B04D0FB7B43F03003DBB2FB7383
:104410000C4B5B6818780B4B1B68197D07F10F0379
:104420000122FEF75DFD0346002B02D04FF0FF3363
:1044300003E0044AFB799374002318461037BD4605
:1044400080BD00BF2C00002080B584B000AF0346C3
:10445000FB711E4B93F82330FA799A4201D1002365
:1044600030E0FB79002B02D03023FB7301E0002306
:10447000FB73164B9B7C002B04D0FB7B43F00203A9
:10448000DBB2FB73114B93F82230002B04D0FB7B83
:1044900063F07F03DBB2FB730C4B5B6818780B4B4C
:1044A0001B68197D07F10F030122FEF719FD034672
:1044B000002B02D04FF0FF3304E0044AFB7982F86E
:1044C0002330002318461037BD4680BD2C00002045
:1044D00090B587B000AF7860404B5B68187807F103
:1044E000100304220D21FEF742FD0346002B01D0EC
:1044F00007236FE03B7CDB105BB203F01C035AB276
:10450000FB7C1B115BB203F003035BB213435BB292
:10451000DBB23B737B7CDB105BB203F01C035AB253
:10452000FB7C9B105BB203F003035BB213435BB2F3
:10453000DBB27B73BB7CDB105BB203F01C035AB2B3
:10454000FB7C5BB203F003035BB213435BB2DBB2F1
:10455000BB730023FB7539E0FB7D18333B4413F834
:104560000C3C002B07D1FB7D9B007A6813444FF075
:1045700000021A6027E0FB7D9B007A681344184A0A
:104580001A600DE0FB7D9B007A6813441868FB7D80
:104590009B007A68D4181349FCF7E4FB03462360B8
:1045A000FB7D03F118023A4412F80C2C013AD1B207
:1045B00003F118023A4402F80C1C18333B4413F878
:1045C0000C3C002BDED1FB7D0133FB75FB7D022B08
:1045D000C2D9002318461C37BD4690BD2C000020D0
:1045E0007B14AE3E1D5A843F80B58AB000AF786020
:1045F000396000233B6207F10C031846FFF768FFA0
:1046000000237B6265E07B6A9B007A6813441A682A
:104610007B6A9B0039680B441B68D31A002BB8BF18
:104620005B421846FCF74AFB03464FF08F411846A1
:10463000FCF74CFC0346FB617B6A9B0028333B4440
:1046400053F81C3C4FF000011846FCF71FFD0346D1
:10465000002B24D17B6A9B0028333B4453F81C3C3D
:104660001946F869FCF732FC03464FF07E511846B4
:10467000FCF76EFA0346BB61BB6923F00043194A9D
:1046800011461846FCF72AFD0346002B1ED00122D6
:104690007B6A02FA03F33A6A13433B6216E0124B59
:1046A0001946F869FCF7FCFC0346002B07D10F4BB9
:1046B0001946F869FCF712FD0346002B06D00122CB
:1046C0007B6A02FA03F33A6A13433B627B6A013363
:1046D0007B627B6A022B96DD3B6A18462837BD4613
:1046E00080BD00BF295C0F3E9A99993E3333733FDA
:1046F00080B588B000AF786039600023BB61544B4F
:104700005B68187807F1080303220D21FEF72FFCE0
:104710000346002B01D0072395E03B7A03F01F03EB
:10472000DBB23B727B7A03F01F03DBB27B72BB7A96
:1047300003F01F03DBB2BB720023FB617EE0FB6969
:104740009B007A6813441A68FB699B0039680B4424
:104750001B68D31A002BB8BF5B421846FCF7AEFAB1
:1047600003464FF08F411846FCF7B0FB03463B6110
:1047700007F10802FB6913441B78002B44D0832304
:104780001846FCF797FA034619463248FCF79EFB99
:1047900003467B6105E030497869FCF7E3FA03469C
:1047A0007B6107F10802FB6913441B78013BD9B216
:1047B00007F10802FB6913440A461A7007F1080260
:1047C000FB6913441B78002BE5D179693869FCF744
:1047D0007DFB03464FF07E511846FCF7B9F90346BE
:1047E000FB60FB6823F000431C4A11461846FCF7A7
:1047F00075FC0346002B1ED00122FB6902FA03F36D
:10480000BA691343BB6116E0154B19463869FCF7CA
:1048100047FC0346002B07D1124B19463869FCF7B9
:104820005DFC0346002B06D00122FB6902FA03F36C
:10483000BA691343BB61FB690133FB61FB69022B5E
:104840007FF77DAFBB6918462037BD4680BD00BFEE
:104850002C00002000B04C4554E3853F295C0F3EFE
:10486000000020410000D2422DE9B04FB8B000AFA7
:10487000C7F8B400C7F8B010134687F8AF3001236B
:1048800087F8CC30002387F8CD30A54B5B681878CB
:10489000A34B1B68997C07F1CC030222FEF720FB97
:1048A0000346002B02D04FF0FF3351E3C820FEF740
:1048B00079F8002387F8CC30994B5B681878984BCF
:1048C0001B68D97B07F1CC030122FEF709FB0346E5
:1048D000002B02D04FF0FF333AE3914B5B6818781E
:1048E0008F4B1B68597907F1CC030122FEF7F8FAC8
:1048F0000346002B02D04FF0FF3329E3884B5B685F
:104900001878874B1B68997C07F1CC030122FEF7CE
:10491000E7FA0346002B02D04FF0FF3318E3804B39
:104920005B6818787E4B1B68D97D07F1CC030122A8
:10493000FEF7D6FA0346002B02D04FF0FF3307E311
:10494000774B5B681878764B1B68197907F1CC03B5
:104950000122FEF7C5FA0346002B02D04FF0FF33C9
:10496000F6E20C2387F8CC306D4B5B6818786C4B03
:104970001B68197907F1CC030122FEF7B1FA03464F
:10498000002B02D04FF0FF33E2E20F20FEF70AF8CF
:10499000634B9B6A5B7A87F8CC30614B5B68187815
:1049A0005F4B1B68997807F1CC030122FEF798FA58
:1049B0000346002B02D04FF0FF33C9E2584B9B6AED
:1049C0001B7A87F8CC30564B5B681878544B1B68C1
:1049D000597807F1CC030122FEF782FA0346002B37
:1049E00002D04FF0FF33B3E297F8AF30002B08D07E
:1049F0004B4B9B6A9B7A63F01F03DBB287F8CC308A
:104A000004E0474B9B6A9B7A87F8CC30444B5B6849
:104A10001878434B1B68997907F1CC030122FEF704
:104A20005FFA0346002B02D04FF0FF3390E297F875
:104A3000AF30002B08D03A4B9B6ADB7A63F01F0340
:104A4000DBB287F8CC3002E0182387F8CC30344B47
:104A50005B681878324B1B68D97907F1CC030122C7
:104A6000FEF73EFA0346002B02D04FF0FF336FE211
:104A700097F8AF30002B02D0C820FDF793FF4023FA
:104A800087F8CC30264B5B681878254B1B68197962
:104A900007F1CC030122FEF723FA0346002B02D0D4
:104AA0004FF0FF3354E2782387F8CC301C4B5B681F
:104AB00018781B4B1B68597907F1CC030122FEF7CC
:104AC0000FFA0346002B02D04FF0FF3340E23223AF
:104AD0001846FDF767FF002387F8CC30104B5B6862
:104AE00018780F4B1B68597907F1CC030122FEF7A8
:104AF000F7F90346002B02D04FF0FF3328E2084BB2
:104B00005B681878064B1B68997A07F1CC03022280
:104B1000FEF72DFA0346002B04D04FF0FF3317E2C7
:104B20002C00002097F8CC301BB21B021AB297F869
:104B3000CD301BB213431BB2A7F8DC30B7F8DC2032
:104B40001C4BA3FB0223DB089BB287F8DB30D7F8B2
:104B5000B43003F1080100230B60D7F8B4301A1DFC
:104B60000B6813601268D7F8B4301A60D7F8B03009
:104B700003F1080100230B60D7F8B0301A1D0B6851
:104B800013601268D7F8B0301A60002387F8DF305E
:104B9000A5E0094B5B681878074B1B68D97A07F1C9
:104BA000CC030C22FEF7E3F90346002B06D04FF0AE
:104BB000FF33CDE1ABAAAAAA2C00002097F8CC3095
:104BC0001BB21B021AB297F8CD301BB213431BB2B3
:104BD000A7F8C43097F8CE301BB21B021AB297F870
:104BE000CF301BB213431BB2A7F8C63097F8D030B2
:104BF0001BB21B021AB297F8D1301BB213431BB27F
:104C0000A7F8C830D7F8B0301A68B7F9C4301A44DA
:104C1000D7F8B0301A60D7F8B03004331968B7F954
:104C2000C6301846D7F8B0301A1D0B181360D7F8E5
:104C3000B03008331968B7F9C8301846D7F8B03023
:104C400003F108020B18136097F8D2301BB21B0255
:104C50001AB297F8D3301BB213431BB2A7F8BC307B
:104C600097F8D4301BB21B021AB297F8D5301BB29A
:104C700013431BB2A7F8BE3097F8D6301BB21B0205
:104C80001AB297F8D7301BB213431BB2A7F8C03043
:104C9000D7F8B4301A68B7F9BC301A44D7F8B43032
:104CA0001A60D7F8B43004331968B7F9BE30184623
:104CB000D7F8B4301A1D0B181360D7F8B430083386
:104CC0001968B7F9C0301846D7F8B43003F10802B4
:104CD0000B18136097F8DF30013387F8DF3097F84F
:104CE000DF2097F8DB309A42FFF453AFD7F8B430A7
:104CF0001B68DA171C4615462314C7F8A430230492
:104D0000C7F8A03083220023C7F89820C7F89C304A
:104D1000D7E92623D7E92801FCF730FA02460B46EB
:104D20001046194697F8DB300022C7F89030C7F8D4
:104D30009420D7E92423FCF721FA02460B46D7F842
:104D4000B4301A60D7F8B43004331B68DA179846C9
:104D500091464FEA2843C7F88C304FEA0843C7F81A
:104D6000883083220023C7F88020C7F88430D7E931
:104D70002023D7E92201FCF701FA02460B46104630
:104D8000194697F8DB300022BB67FA67D7E91E2384
:104D9000FCF7F4F902460B4610461946D7F8B43032
:104DA0001A1D03461360D7F8B43008331B68DA17AE
:104DB0009A4693464FEA2A437B674FEA0A433B678A
:104DC00083220023BA66FB66D7E91A23D7E91C01C0
:104DD000FCF7D4F902460B461046194697F8DB302B
:104DE00000223B667A66D7E91823FCF7C7F902462A
:104DF0000B4610461946D7F8B43003F108020346B3
:104E00001360D7F8B0301B68DA17BB65FA65D7E9CD
:104E100016120B461B147B650B461B043B654FF4B7
:104E200000620023BA64FB64D7E91223D7E91401B6
:104E3000FCF7A4F902460B461046194697F8DB30FA
:104E400000223B647A64D7E91023FCF797F9024605
:104E50000B46D7F8B0301A60D7F8B03004331B686F
:104E6000DA17BB63FA63D7E90E120B461B147B6398
:104E70000B461B043B634FF400620023BA62FB62E3
:104E8000D7E90A23D7E90C01FCF778F902460B466B
:104E90001046194697F8DB3000223B627A62D7E968
:104EA0000823FCF76BF902460B4610461946D7F863
:104EB000B030043302461A60D7F8B03008331B68AC
:104EC000DA17BB61FA61D7E906120B461B147B6146
:104ED0000B461B043B614FF400620023BA60FB6089
:104EE000D7E90223D7E90401FCF748F902460B464B
:104EF0001046194697F8DB3000223B607A60D7E90C
:104F00000023FCF73BF902460B4610461946D7F83A
:104F1000B030083302461A60D7F8B03008331B6847
:104F2000002B0ADDD7F8B03008331A68D7F8B03054
:104F30000833A2F580321A6009E0D7F8B0300833A0
:104F40001A68D7F8B030083302F580321A600023AF
:104F50001846E037BD46BDE8B08F00BF80B58EB0C3
:104F600000AF78603960022387F82E30644B93F8E5
:104F70002430002B06D0002000F0E6F9012387F84A
:104F80002F3002E0002387F82F3007F10C0318467A
:104F9000FEF784FD07F10F031846FEF707FE07F141
:104FA00008031846FEF7A4FE07F10A031846FEF7A9
:104FB00029FF534B9B7A87F82D3007F10E031846D3
:104FC000FFF714F800237B630AE000223968786851
:104FD000FFF74AFC0346002B08D07B6B01337B6351
:104FE00097F82E307A6B9A42EFDB00E000BF97F81B
:104FF0002E307A6B9A4202D100233B6345E00023B6
:105000007B630DE007F1100107F11C030122184634
:10501000FFF72AFC0346002B08D07B6B01337B6330
:1050200097F82E307A6B9A42ECDB00E000BF97F8DD
:105030002E307A6B9A4202D100233B6325E007F1C0
:10504000100319463868FFF7CFFA034687F82C306B
:1050500007F11C0319467868FFF74AFB034687F8F7
:105060002B3000233B6397F82B30002B03D13B6B95
:1050700043F001033B6397F82C30002B04D13B6BCA
:1050800043F002033B6300E000BF1D4BFF221A7296
:105090001B4BFF225A721A4BFF22DA72184B4FF643
:1050A000FF72DA81164BFF229A72154BFF221A7497
:1050B000134B01221A73BB891846FEF723FDFB7BB5
:1050C0001846FEF7ADFD3B891846FEF74DFE7B897D
:1050D0001846FEF7AFFE97F82D301846FEF7E8FFAA
:1050E000BB7B1846FEF792FF97F82F30002B02D0BB
:1050F000012000F029F93B6B18463837BD4680BDCA
:105100002C00002080B584B000AF03463A60FB80DD
:105110000B46BB803B68002B02D14FF0FF333DE0D4
:10512000204B9B7A002B02D14FF0FF3336E0FB88F7
:105130001B0A9BB2DBB23B73FB88DBB27B737B7BCE
:105140001A46BB881344174A52685289934202DDBB
:105150004FF0FF3322E0134B5B681878114B1B684C
:10516000197E07F10C030222FDF7BAFE0346002B5D
:1051700002D04FF0FF3311E00A4B5B681878094BFF
:105180001B68597DBB88DAB23B68FDF7A9FE034670
:10519000002B02D04FF0FF3300E0002318461037F9
:1051A000BD4680BD2C00002080B584B000AF034612
:1051B0003A60FB800B46BB803B68002B02D14FF06E
:1051C000FF333DE0204B9B7A002B02D14FF0FF33A1
:1051D00036E0FB881B0A9BB2DBB23B73FB88DBB279
:1051E0007B737B7B1A46BB881344174A52685289EB
:1051F000934202DD4FF0FF3322E0134B5B681878D7
:10520000114B1B68197E07F10C030222FDF768FEA3
:105210000346002B02D04FF0FF3311E00A4B5B68CE
:105220001878094B1B68597DBB88DAB23B68FDF7DB
:105230009EFE0346002B02D04FF0FF3300E0002318
:1052400018461037BD4680BD2C00002080B58AB0BE
:1052500000AFB96011461A460346FB810B46BB817D
:105260001346FB80374B93F82530002B02D04FF0CC
:10527000FF3362E0BB68002B02D14FF0FF335CE0EC
:105280000023FB8434E0FA89FB8CD31A102BA8BFCF
:105290001023BB84FB8CBA681A44B98CFB8C18466B
:1052A000FFF730FF0346002B02D04FF0FF3344E0FE
:1052B00007F11402B98CFB8C1846FFF775FF034603
:1052C000002B02D04FF0FF3337E0FB8CBA68134459
:1052D000BA8C07F11401184605F066FC0346002B52
:1052E00002D06FF0010328E0FA8CBB8C1344FB84DE
:1052F000FA8CFB899A42C6D3BB891B0A9BB2DBB2EC
:105300003B74BB89DBB27B740E4B5B6818780D4B2A
:105310001B68997E07F110030222FDF7E1FD0346A9
:10532000002B02D04FF0FF3307E0064B012283F839
:105330002520044AFB88D384002318462837BD461D
:1053400080BD00BF2C00002080B584B000AF0346B4
:10535000FB71264B93F82430FA799A4201D100234D
:1053600040E0FB79002B27D0204B93F82530002B11
:1053700002D14FF0FF3335E00020FEF7A3F8002004
:10538000FEF79CFF194BDB8C1846FEF753FD0023FC
:10539000FB73164B5B68187807F10F03012223217A
:1053A000FDF79EFD114B012283F824200120FEF71A
:1053B00089F8FEF775FA14E00020FEF783F80B4B2E
:1053C0001B7CFB73094B5B68187807F10F03012204
:1053D0002321FDF785FD054B002283F82420FEF7ED
:1053E0005FFA002318461037BD4680BD2C00002010
:1053F00080B483B000AF786000BF0C37BD4680BC7E
:105400007047000080B500AF4FF48062C8230449A4
:1054100040F6F630FFF71AFF0346184680BD00BF7E
:1054200064DF000880B588B000AF0346FB806E4A99
:1054300007F114031268114619800233120C1A7016
:105440006A4A07F110031268114619800233120CE0
:105450001A70674A07F10C0312681146198002336B
:10546000120C1A70634A07F108031268114619807A
:105470000233120C1A70FB8803F0030320333B4401
:1054800013F80C3C3B77FB88DB089BB203F003036B
:1054900020333B4413F80C3C7B77FB889B099BB281
:1054A00003F0030320333B4413F80C3CBB77FB8829
:1054B00003F0030320333B4413F8103C3B76FB8896
:1054C000DB089BB203F0030320333B4413F8103C8A
:1054D0007B76FB889B099BB203F0030320333B449C
:1054E00013F8103CBB7607F11C031A46032140F267
:1054F0002640FFF707FE0346002B02D04FF0FF3394
:105500006EE007F118031A46032140F22A40FFF724
:10551000F9FD0346002B02D04FF0FF3360E007F1A6
:105520001C0307F10C021268114619800233120C99
:105530001A7007F1180307F1080212681146198062
:105540000233120C1A70FB8803F00403002B09D0FD
:105550003B7F43F00103DBB23B773B7E43F001032B
:10556000DBB23B76FB8803F02003002B09D07B7F66
:1055700043F00103DBB27B777B7E43F00103DBB2B8
:105580007B76FB8803F48073002B09D0BB7F43F04C
:105590000103DBB2BB77BB7E43F00103DBB2BB761A
:1055A00007F11C031A4603214FF48860FFF7AAFD98
:1055B0000346002B02D04FF0FF3311E007F1180330
:1055C0001A46032140F23140FFF79CFD0346002BB1
:1055D00002D04FF0FF3303E0074AFB88138100231A
:1055E00018462037BD4680BDD8DC0008DCDC00084A
:1055F000E0DC0008E4DC0008E00200202DE9B04F08
:105600008CB000AFF861804B1B8903F003039B0053
:10561000FA6913441B687B627B4B1B8903F004030C
:10562000002B02D07B6A5B427B62774B1B89DB08D5
:105630009BB203F003039B00FA6913441B68BB622F
:10564000714B1B8903F02003002B02D0BB6A5B4225
:10565000BB626D4B1B899B099BB203F003039B004C
:10566000FA6913441B68FB62674B1B8903F4807360
:10567000002B02D0FB6A5B42FB627B6ADA173B615C
:105680007A61624BD7E904010A4603FB02F2002368
:10569000C7E90401396901FB03F313445B4A396923
:1056A000A1FB02AB5B449B464FF000024FF00003AE
:1056B0004FEA9A7242EA8B024FEAAB7313467B625F
:1056C000BB6ADA17BB60FA60504BD7E902AB5A46A7
:1056D00003FB02F20023514601FB03F313444B4A40
:1056E0005146A1FB02894B4499464FF000024FF00E
:1056F00000034FEA987242EA89024FEAA9731346FF
:10570000BB62FB6ADA173B607A60404BD7E90089DD
:105710004A4603FB02F20023414601FB03F3134414
:105720003A4A4146A1FB02452B441D464FF0000278
:105730004FF00003A20F42EA8502AB171346FB624B
:105740007B6A1B16DBB287F820307B6A1B14DBB246
:1057500087F821307B6A1B12DBB287F822307B6A24
:10576000DBB287F8233007F120031A4604214FF4F7
:105770007470FFF7C7FC0346002B02D04FF0FF33D5
:105780003CE0BB6A1B16DBB287F82030BB6A1B14F7
:10579000DBB287F82130BB6A1B12DBB287F82230FC
:1057A000BB6ADBB287F8233007F120031A460421D5
:1057B0004FF47570FFF7A6FC0346002B02D04FF0A4
:1057C000FF331BE0FB6A1B16DBB287F82030FB6A55
:1057D0001B14DBB287F82130FB6A1B12DBB287F89F
:1057E0002230FB6ADBB287F8233007F120031A4628
:1057F00004214FF47670FFF785FC034618463037D6
:10580000BD46BDE8B08F00BFE002002009E3CA0238
:105810002DE9B04F94B000AF786207F12E0318461F
:10582000FEF7A6FBFB8D9BB200223B617A614FF035
:1058300000024FF000037969CB03D7E904018446E5
:1058400043EA5C430146CA03C7E91223714B1B8933
:1058500003F003039B007A6A13441B68FB636D4BE0
:105860001B8903F00403002B02D0FB6B5B42FB633C
:10587000684B1B89DB089BB203F003039B007A6A29
:1058800013441B683B64634B1B8903F02003002B0C
:1058900002D03B6C5B423B645E4B1B899B099BB215
:1058A00003F003039B007A6A13441B687B64594B23
:1058B0001B8903F48073002B02D07B6C5B427B64FA
:1058C000FB6BDA17BB61FA61BB6CD7E906010A46CC
:1058D00002FB03F2FB6CC7E90601B96901FB03F3A4
:1058E0001344BA6CB969A2FB01AB5B449B464FF011
:1058F00000024FF000034FEA9A7242EA8B024FEA2D
:10590000AB731346FB633B6CDA17BB60FA60BB6C8E
:10591000D7E902AB5A4602FB03F2FB6C514601FB8E
:1059200003F31344BA6C5146A2FB01894B449946D8
:105930004FF000024FF000034FEA987242EA8902EA
:105940004FEAA97313463B647B6CDA173B607A60BD
:10595000BB6CD7E900894A4602FB03F2FB6C414667
:1059600001FB03F31344BA6C4146A2FB01452B44EF
:105970001D464FF000024FF00003A20F42EA8502DD
:10598000AB1713467B64FB6B1B16DBB287F830301A
:10599000FB6B1B14DBB287F83130FB6B1B12DBB2E5
:1059A00087F83230FB6BDBB287F833303B6C1B1669
:1059B000DBB287F834303B6C1B14DBB287F8353030
:1059C0003B6C1B12DBB287F836303B6CDBB287F8DE
:1059D00037307B6C1B16DBB287F838307B6C1B14BE
:1059E000DBB287F839307B6C1B12DBB287F83A30B8
:1059F0007B6CDBB287F83B3007F130031A460C2191
:105A00004FF42570FFF77EFB034618465037BD461E
:105A1000BDE8B08FE002002080B588B000AF03463B
:105A2000FB801F4A07F1100307CA83E80700FB88C1
:105A3000C82B02D94FF0FF332EE0FB88C82292FB1F
:105A4000F3F39BB2013BFB83FB8B1B0A9BB2DBB2E4
:105A50003B72FB8BDBB27B7207F108031A46022113
:105A600040F21620FFF74EFB0346002B02D04FF00A
:105A7000FF3311E007F110031A460C2140F6C12054
:105A8000FFF740FB0346002B02D04FF0FF3303E04B
:105A9000044AFB889381002318462037BD4680BD09
:105AA000E8DC0008E002002080B586B000AF0346C5
:105AB0000A46FB711346BB80FB7903F00703002BFA
:105AC00003D0BB88B3F5C86F02D94FF0FF3307E1AD
:105AD000BB881846FBF7EEF8034683491846FBF7E8
:105AE000F5F903463B6107F10B031846FEF75EF834
:105AF000FB7A023B0E2B79D801A252F823F000BFAB
:105B00003D5B0008ED5B0008695B0008ED5B000889
:105B1000ED5B0008ED5B0008955B0008ED5B00089D
:105B2000ED5B0008ED5B0008ED5B0008ED5B000835
:105B3000ED5B0008ED5B0008C15B00084FF08D4194
:105B40003869FBF70FF903461846FBF7F7FA0346E7
:105B5000FB8266493869FBF705F903461846FBF7EF
:105B6000EDFA0346BB8244E04FF08C413869FBF705
:105B7000F9F803461846FBF7E1FA0346FB825C4955
:105B80003869FBF7EFF803461846FBF7D7FA0346E8
:105B9000BB822EE04FF08B413869FBF7E3F80346F8
:105BA0001846FBF7CBFA0346FB8252493869FBF7EC
:105BB000D9F803461846FBF7C1FA0346BB8218E042
:105BC0004FF08A413869FBF7CDF803461846FBF7DA
:105BD000B5FA0346FB8248493869FBF7C3F8034628
:105BE0001846FBF7ABFA0346BB8202E04FF0FF33E7
:105BF00076E0FB8A1B0A9BB2DBB23B73FB8ADBB20B
:105C00007B73BB8A1B0A9BB2DBB2BB73BB8ADBB262
:105C1000FB73FB7903F00103002B1CD007F10C038D
:105C20001A4602214FF4EA70FFF76CFA0346002B84
:105C300002D04FF0FF3353E007F10C0302331A4652
:105C400002214FF49270FFF75DFA0346002B02D059
:105C50004FF0FF3344E0FB7903F00203002B1CD02C
:105C600007F10C031A4602214FF4EC70FFF74AFAD1
:105C70000346002B02D04FF0FF3331E007F10C0355
:105C800002331A4602214FF49470FFF73BFA0346A1
:105C9000002B02D04FF0FF3322E0FB7903F0040326
:105CA000002B1CD007F10C031A4602214FF4EE70B2
:105CB000FFF728FA0346002B02D04FF0FF330FE026
:105CC00007F10C0302331A4602214FF49670FFF7D6
:105CD00019FA0346002B02D04FF0FF3300E00023F7
:105CE00018461837BD4680BD0000484300004046B6
:105CF0000000C045000040450000C04480B584B0AD
:105D000000AF0346FB710023FB73FB7903F0010333
:105D1000002B04D0FB7B43F03003DBB2FB73FB7939
:105D200003F00203002B04D0FB7B43F00C03DBB237
:105D3000FB73FB7903F00403002B04D0FB7B43F0DF
:105D40000303DBB2FB7307F10F031A4601214FF483
:105D5000A470FFF7D7F9034618461037BD4680BD3B
:105D600080B584B000AF0346FB71FB79002B02D1F4
:105D70000123FB7104E0FB79042B01D90423FB719F
:105D8000FB79013BDBB2FB7307F10F031A460121DC
:105D900040F24F10FFF7B6F9034618461037BD46DC
:105DA00080BD000080B584B000AF0346FB80FB8857
:105DB0000C4AA2FB03239B08FB81FB891B0A9BB2B5
:105DC000DBB23B73FB89DBB27B7307F10C031A4632
:105DD00002214FF4EF70FFF795F90346184610378C
:105DE000BD4680BDCDCCCCCC80B584B000AF0346E1
:105DF000FB80FB880C4AA2FB03239B08FB81FB89E9
:105E00001B0A9BB2DBB23B73FB89DBB27B7307F1EE
:105E10000C031A4602214FF4ED70FFF773F90346A5
:105E200018461037BD4680BDCDCCCCCC80B584B0F3
:105E300000AF78600B467B807B68134A82FB0312BD
:105E40009211DB17D31A7A8802FB03F3FB60FB681D
:105E50001B16DBB23B72FB681B14DBB27B72FB6868
:105E60001B12DBB2BB72FB68DBB2FB7207F10803EB
:105E70001A4604214FF4AE70FFF744F90346184662
:105E80001037BD4680BD00BFD34D621080B584B0D1
:105E900000AF0346FB80FB880C4AA2FB03239B0850
:105EA000FB80FB881B0A9BB2DBB23B73FB88DBB237
:105EB0007B7307F10C031A4602214FF4AD70FFF714
:105EC00021F9034618461037BD4680BDCDCCCCCC59
:105ED00080B584B000AF0346FB80FB880C4AA2FB70
:105EE00003239B08FB80FB881B0A9BB2DBB23B733E
:105EF000FB88DBB27B7307F10C031A4602214FF4D7
:105F0000AC70FFF7FFF8034618461037BD4680BD5A
:105F1000CDCCCCCC80B586B000AF0346FB8002234D
:105F20003B73CA237B73E323BB730923FB7307F122
:105F30000C031A4604216820FFF7E4F8A3233B73FF
:105F4000FB8803F04003002B06D0C0237B73C823DB
:105F5000BB73C223FB7305E0A3237B73A323BB7333
:105F6000A323FB73FB8803F4C073002B06D0C42368
:105F70003B74CC237B74C623BB7405E0A3233B7422
:105F8000A3237B74A323BB74A323FB74A3233B75BC
:105F9000A3237B7507F10C031A460A2140F6A720BC
:105FA000FFF7B0F8FB8803F00303002B02D0202397
:105FB0003B7301E0D8233B7307F10C031A46012120
:105FC00040F6B620FFF79EF8FB8803F02003002B75
:105FD00003D0012000F0C6F802E0002000F0C2F873
:105FE000FB8803F4C073002B1DD0FB8803F480737F
:105FF000002B08D0B2233B738B237B73B623BB7378
:106000009B23FB7307E0B0233B7380237B73B42394
:10601000BB739023FB7307F10C031A46042140F66F
:10602000A220FFF76FF8FB8803F00103002B25D0B7
:10603000F8233B7307F10C031A4601214FF40B6060
:10604000FFF760F8FA210720FFF72EFD0720FFF782
:1060500055FE0120FFF784FE6420FFF7A3FE4FF4F6
:10606000FA70FFF7C1FEC8213C48FFF7DFFE282089
:10607000FFF70CFF0A20FFF72BFF09E0D8233B7343
:1060800007F10C031A4601214FF40B60FFF73AF8B1
:10609000FB8803F00203002B02D0D9233B7301E0FD
:1060A000D8233B7307F10C031A46012140F23D70DF
:1060B000FFF728F8FB8803F00403002B03D001202E
:1060C00000F080F802E0002000F07CF8FB8803F08C
:1060D0001003002B03D0012000F09BF802E0002009
:1060E00000F097F8FB8843F008039AB21C4B5A81E2
:1060F000FDF7D6FB1A4B00229A73FB8803F040038E
:10610000002B05D0164B9B7B0633DAB2144B9A73E7
:10611000FB8803F4C073002B05D0114B9B7B063327
:10612000DAB20F4B9A73FB8803F01403002B05D0EF
:106130000B4B9B7B1033DAB2094B9A73FB8803F04D
:106140000303002B05D0064B9B7B0433DAB2044BD0
:106150009A73002318461837BD4680BD09E3CA026A
:10616000E002002080B588B000AF0346FB71FB79E8
:10617000002B0FD0114A07F1140307CA03C31A708A
:1061800007F114031A4609214FF49760FEF7BAFF8E
:1061900003460EE00A4A07F1080307CA03C31A7050
:1061A00007F108031A4609214FF49760FEF7AAFF8A
:1061B000034618462037BD4680BD00BFF4DC00080A
:1061C00000DD000880B584B000AF0346FB71FB79A9
:1061D000002B08D0C0233B73C2237B73C423BB7343
:1061E000C623FB7306E007F10C0304228B2118463B
:1061F00004F0EAFC07F10C031A46042140F698204B
:10620000FEF780FFFDF74CFB034618461037BD46EE
:1062100080BD80B584B000AF0346FB71FB79002BD5
:1062200008D020233B7328237B733023BB73382390
:10623000FB7306E007F10C030422A321184604F0C7
:10624000C3FC07F10C031A46042140F69E20FEF71A
:1062500059FFFDF725FB034618461037BD4680BDA4
:1062600080B584B000AF78607B6803331B7823F07F
:106270003F03FB737B6803331B7803F03F03BB735F
:106280007B6801331B7803F00103002B12D0BB7B2A
:10629000DB087B73BB7B03F00703DBB201333B738B
:1062A000104B1B68002B05D00E4B1B68397B7A7B8B
:1062B000104698477B6801331B7803F00803002BD6
:1062C0000AD0084B5B68002B06D0064B5B68FA7B54
:1062D0009209D2B210469847002318461037BD469F
:1062E00080BD00BFE002002080B592B000AFF86032
:1062F000B9607A603B60002387F847303B6D00222D
:106300001A80B14B9B7B184607F120037A6D194622
:10631000FDF754FF0346002B02D04FF0FF334EE150
:10632000A94B5B8903F01403002B00F08A8097F8D7
:1063300020301A0697F821301B041A4397F82230B0
:106340001B02134397F823201A437B681A6097F8BF
:1063500024301A0697F825301B041A4397F8263084
:106360001B021A4397F8273019467B6804330A4307
:106370001A6097F828301A0697F829301B041A4338
:1063800097F82A301B021A4397F82B3019467B687E
:1063900008330A431A6097F82C301A0697F82D3004
:1063A0001B041A4397F82E301B021A4397F82F301C
:1063B00019467B680C330A431A6097F8473010334C
:1063C00087F847307B681B681B143B617B6804338C
:1063D0001B681B147B617B6808331B681B14BB6143
:1063E0007B680C331B681B14FB613B693A6903FB38
:1063F00002F27B69796901FB03F31A44BB69B9694D
:1064000001FB03F31A44FB69F96901FB03F313442D
:106410003B643B6CB3F1706F03DB3B6CB3F1885FA3
:1064200007DDFDF73DFA3B6D00221A804FF0FF3388
:10643000C5E03B6DB3F9003043F480731AB23B6D95
:106440001A80614B5B8903F04003002B4FD097F813
:10645000473048333B4413F8283C1BB21B021AB2A6
:1064600097F84730013348333B4413F8283C1BB2BC
:1064700013431AB2BB681A8097F847300233483387
:106480003B4413F8283C1BB21B0219B297F8473063
:10649000033348333B4413F8283C1AB2BB68023339
:1064A0000A4312B21A8097F84730043348333B440A
:1064B00013F8283C1BB21B0219B297F8473005337A
:1064C00048333B4413F8283C1AB2BB6804330A43F0
:1064D00012B21A8097F84730063387F847303B6D81
:1064E000B3F9003043F008031AB23B6D1A80364B03
:1064F0005B8903F4C073002B4FD097F847304833C3
:106500003B4413F8283C1BB21B021AB297F84730E1
:10651000013348333B4413F8283C1BB213431AB2EF
:10652000FB681A8097F84730023348333B4413F82E
:10653000283C1BB21B0219B297F84730033348338B
:106540003B4413F8283C1AB2FB6802330A4312B2E8
:106550001A8097F84730043348333B4413F8283CFB
:106560001BB21B0219B297F84730053348333B443E
:1065700013F8283C1AB2FB6804330A4312B21A809B
:1065800097F84730063387F847303B6DB3F9003052
:1065900043F070031AB23B6D1A800B4B5B8903F01A
:1065A0000303002B07D097F8473007F1200213446C
:1065B0001846FFF755FE3868FEF71AFF0023184605
:1065C0004837BD4680BD00BFE002002080B400AF68
:1065D000BFF34F8F00BFBD4680BC704780B500AF92
:1065E000054BDB6803F4E0620349044B1343CB60C3
:1065F000FFF7ECFF00BFFDE700ED00E00400FA0547
:1066000080B485B000AF78607B6893F90030002BD0
:1066100002DD0023FB812DE07B6893F90030002B25
:1066200002DA0423FB8125E07B68013393F9003013
:10663000002B02DD0123FB811CE07B68013393F911
:106640000030002B02DA0523FB8113E07B68023364
:1066500093F90030002B02DD0223FB810AE07B6806
:10666000023393F90030002B02DA0623FB8101E0AC
:106670000723FB81FB8918461437BD4680BC704751
:1066800080B584B000AF78607868FFF7B9FF034643
:10669000FB817B6803331846FFF7B2FF0346DB003C
:1066A0001AB2B7F90E3013431BB2FB817B68063375
:1066B0001846FFF7A5FF03469B011AB2B7F90E3043
:1066C00013431BB2FB81FB8918461037BD4680BDC2
:1066D00080B58AB000AF07F10C0207F1180311462C
:1066E0001846FEF73BFC78627B6A072B51D107F115
:1066F00008031846FDF704FCBB691846FAF7DEFAF2
:106700000246BB6819461046FAF72CFB03461846AA
:10671000FAF7EEFC0346BB61FB691846FAF7CEFABE
:106720000246BB6819461046FAF71CFB034618469A
:10673000FAF7DEFC0346FB613B6A1846FAF7BEFA3D
:106740000246BB6819461046FAF70CFB034618468A
:10675000FAF7CEFC03463B6207F118031846FEF732
:106760004DFFBB1D1846FDF703FCFB68FA8802FBD2
:1067700003F3FB603B69FA8802FB03F33B617B692F
:10678000FA8802FB03F37B6107F10C031846FFF75D
:106790003FF800BF2837BD4680BD80B584B002AF4A
:1067A0000346FB71FB790093032302226B21D02067
:1067B000FCF759FD00BF0837BD4680BD80B584B0E9
:1067C00002AF0346FB71FB790093022304221B21D5
:1067D000D020FCF748FD00BF0837BD4680BD80B51E
:1067E00084B002AF0346FB71FB79009302230422BD
:1067F0001C21D020FCF737FD00BF0837BD4680BD07
:1068000080B582B000AF0346FB71FB7906226B2195
:10681000D020FCF77EFD00BF0837BD4680BD80B5A7
:1068200082B000AF0346FB71FB7905226A21D020BC
:10683000FCF76FFD00BF0837BD4680BD80B582B054
:1068400000AF0346FB71FB7901223721D020FCF712
:1068500060FD00BF0837BD4680BD80B500AF022097
:10686000FFF79BFF0320FFF7A9FF0020FFF7B7FF0B
:106870000020FFF7C5FF0020FFF7D1FF0020FFF742
:10688000DDFF00BF80BD000080B582B000AF0023F7
:106890003B713B1D012275216820FCF768FB2F48E6
:1068A00004F082F83B79682B01D0FFF797FEFCF7E4
:1068B00063FE0346002B4DD17820FDF7F9FB03461C
:1068C000002B02D1254804F06FF87820FDF79EFBDD
:1068D0000346002B02D1224804F066F8C820FDF7D9
:1068E000A9FA0346002B02D11E4804F05DF8FEF71A
:1068F00089FD0346002B02D11B4804F055F81B48C4
:10690000FFF7BEFE03461846FEF78CFD0346002B3C
:1069100002D1174804F048F840F27310FFF7FAFA72
:106920000346002B02D1134804F03EF8C820FFF7BD
:1069300073F80346002B02D10F4804F035F8FFF737
:10694000C7FE0120FEF700FD0346002B02D10B48D5
:1069500004F02AF800BF0837BD4680BD24DD0008DA
:1069600044DD000868DD000890DD00085C000020C0
:10697000C4DD0008ECDD000810DE000834DE00088D
:10698000F0B589B002AF07F114013A4607F11303DD
:106990000193A34B00930B46A249A348FFF7A4FC25
:1069A0009F4BB3F900309BB203F48073002B00F0CF
:1069B00068813B681846FAF781F903464FF09D411C
:1069C0001846FAF783FA03461A46984B1A607B6812
:1069D0001846FAF773F903464FF09D411846FAF747
:1069E00075FA03461A46924B1A60BB681846FAF7C6
:1069F00065F903464FF09D411846FAF767FA0346DA
:106A00001A468C4B1A60FB681846FAF757F903468A
:106A10004FF09D411846FAF759FA03461A46864B3D
:106A20001A60834B1B684FF040411846FAF79AF9F9
:106A300003461A46804B1B6819461046FAF792F92E
:106A400003461C46794B1B6819461846FAF782F82C
:106A500003461A46774B1B6819461046FAF782F927
:106A6000034619462046FAF775F803461846F9F723
:106A7000EBFC02460B461046194606F0FBF866A3EF
:106A8000D3E90023F9F738FD02460B4610461946B4
:106A9000FAF70AF80346694A1360664B1B68194601
:106AA0001846FAF757F803461A46634B1B6819460F
:106AB0001046FAF757F903461C465C4B1B6819460B
:106AC0001846FAF747F803461A46594B1B68194609
:106AD0001046FAF747F9034619462046FAF73AF8FE
:106AE00003461846F9F7B0FC04460D46504B1B68A8
:106AF0004FF040411846FAF735F903461A464C4B19
:106B00001B6819461046FAF72DF903461E46494BF5
:106B10001B6819461846FAF71DF803461A46454BF6
:106B20001B6819461046FAF71DF903461946304608
:106B3000FAF70EF803464FF07E511846FAF70AF8B6
:106B400003461846F9F780FC02460B4620462946C4
:106B500006F0B8F830A3D3E90023F9F7CDFC0246DC
:106B60000B4610461946F9F79FFF0346344A136057
:106B70002F4B1B682F4A126811461846FAF7F2F895
:106B800003461C46294B1B682B4A126811461846BF
:106B9000FAF7E8F8034619462046F9F7DBFF034603
:106BA00019461846F9F7D6FF03461846F9F74CFC84
:106BB00004460D461D4B1B681C4A126811461846B8
:106BC000FAF7D0F803461E46194B1B68184A12689C
:106BD00011461846FAF7C6F8034619463046F9F743
:106BE000B9FF03461E46134B1B68124A1268114632
:106BF0001846FAF7B7F8034619463046F9F7A8FFE2
:106C000003461E460C4B1B680B4A12681146184679
:106C100018E000BFAFF300806666666666A64C406B
:106C2000FE020020F8020020F002002058000020A0
:106C30000C03002010030020140300200003002098
:106C400004030020FAF78EF8034619463046F9F798
:106C50007FFF03461846F9F7F7FB02460B4620462E
:106C6000294606F02FF80AA3D3E90023F9F744FCDC
:106C700002460B4610461946F9F716FF0346064A28
:106C8000136000BF1C37BD46F0BD00BFAFF30080EE
:106C90006666666666A64C400803002080B582B032
:106CA00000AF0121102001F043FD4FF47073BB8051
:106CB0001823FB710323BB713B1D1946034801F0E8
:106CC0004FFB00BF0837BD4680BD00BF001001402C
:106CD00080B58AB000AF03460A46FB801346BB80EE
:106CE00001214FF4005001F023FD294801F098FDE7
:106CF000FB88013B9BB23B84BB88BB8300237B8426
:106D00000023FB8307F11C031946214801F09EFE76
:106D10006023BB810123FB8100237B820023BB8294
:106D200007F10C0319461A4801F00CFF07F10C0398
:106D30001946174801F092FF07F10C031946144851
:106D400002F014F807F10C031946114802F094F808
:106D500001210F4802F09CF908210D4802F04AFA7F
:106D600008210B4802F061FA0821094802F07AFA7A
:106D70000821074802F091FA0121054802F01BFAA8
:106D80000121034802F065F900BF2837BD4680BDE8
:106D90000034014080B582B000AF40F6C4137B6080
:106DA00002E07B68013B7B607B68002BF9D1AE225F
:106DB00000213C2000F00FFAA62200213C2000F028
:106DC0000AFAAE2200213C2000F005FAD52200216B
:106DD0003C2000F000FA802200213C2000F0FBF96A
:106DE000A82200213C2000F0F6F91F2200213C20BF
:106DF00000F0F1F9D32200213C2000F0ECF9002250
:106E000000213C2000F0E7F9402200213C2000F066
:106E1000E2F98D2200213C2000F0DDF9142200214E
:106E20003C2000F0D8F9202200213C2000F0D3F9CA
:106E3000022200213C2000F0CEF9A12200213C20BA
:106E400000F0C9F9C82200213C2000F0C4F9DA2280
:106E500000213C2000F0BFF9022200213C2000F07C
:106E6000BAF9812200213C2000F0B5F9CF2200219F
:106E70003C2000F0B0F9D92200213C2000F0ABF911
:106E8000F12200213C2000F0A6F9DB2200213C2069
:106E900000F0A1F9402200213C2000F09CF92E22B4
:106EA00000213C2000F097F9A42200213C2000F0B2
:106EB00092F9A62200213C2000F08DF9AF2200219A
:106EC0003C2000F088F9002000F040F800F010F8B5
:106ED000064B00221A80054B00225A80034B0122E8
:106EE0005A7100BF0837BD4680BD00BF180500209D
:106EF00080B582B000AF0023FB711DE0FB79503BF1
:106F0000DBB21A4600213C2000F065F90022002186
:106F10003C2000F060F9102200213C2000F05BF9D9
:106F2000FB79DB01084A1A44802340213C2000F011
:106F30003CF9FB790133FB71FB79072BDED900BFEC
:106F400000BF0837BD4680BD1803002080B582B061
:106F500000AF0346FB71FB79002B01D1002300E059
:106F6000FF234FF400721946034803F02DFE00BFC3
:106F70000837BD4680BD00BF1803002080B483B031
:106F800000AF0346FB800B46BB801346FB70FB88BB
:106F90007F2B48D8BB881F2B45D8254B1B79002B4E
:106FA00006D0FB78002B0CBF01230023DBB2FB7063
:106FB000FB78012B1AD1FA88BB88DB0898B203460C
:106FC000DB0113441B4AD35C5AB2BB8803F00703AE
:106FD000012101FA03F35BB2134359B2FA88034665
:106FE000DB011344C9B2134AD1541DE0FA88BB88AF
:106FF000DB0898B20346DB0113440E4AD35C5AB255
:10700000BB8803F00703012101FA03F35BB2DB4302
:107010005BB2134059B2FA880346DB011344C9B28C
:10702000044AD15400E000BF0C37BD4680BC704715
:10703000180500201803002080B483B000AF034679
:107040000A46FB801346BB80054AFB881380044A2E
:10705000BB88538000BF0C37BD4680BC704700BF63
:107060001805002080B586B000AF03463960FB717B
:107070001346BB71394B1B881A463B681B78134477
:107080007F2B07DC354B5B881A463B685B781344E3
:107090001F2B01DD00235DE000237B614BE03B689B
:1070A0005A68FB79203B3968497801FB03F319469C
:1070B0007B690B445B0013441B88FB6000233B612E
:1070C00030E0FA683B6902FA03F303F40043002B53
:1070D00010D0224B1A883B699BB2134498B21F4BC5
:1070E0005A887B699BB213449BB2BA791946FFF761
:1070F00045FF14E0194B1A883B699BB2134498B2C0
:10710000164B5A887B699BB2134499B2BB79002B0A
:107110000CBF01230023DBB21A46FFF72FFF3B69A8
:1071200001333B613B681B781A463B699342C8D3E5
:107130007B6901337B613B685B781A467B699342CC
:10714000ADD3064B1B883A68127813449AB2034BAE
:107150001A80FB7918461837BD4680BD18050020F7
:1071600080B584B000AFF860B9601346FB7112E0DF
:10717000FB681B78FA79B9681846FFF773FF034676
:107180001A46FB681B789A4202D0FB681B7808E01D
:10719000FB680133FB60FB681B78002BE8D1FB68C0
:1071A0001B7818461037BD4680BD80B582B000AF51
:1071B0003A601A460346FB710B46BB711346BB800F
:1071C000BB88DAB2B979F8793B6800F0A7F900BF5B
:1071D0000837BD4680BD80B582B000AF0346FB7165
:1071E0000B46BB7113467B717B1DB979F87901227F
:1071F00000F094F900BF0837BD4680BD80B500AFF0
:107200000020FFF7A3FE00BF80BD80B500AFFFF7F1
:107210006FFE00BF80BD000080B582B000AF786017
:10722000084611461A460346FB700B46BB701346D0
:107230007B707B78002B01D0FFF7E0FFFB789BB2DF
:10724000BA7892B211461846FFF7F6FE01220649B7
:107250007868FFF785FF3B7C002B01D0FFF7D5FF57
:1072600000BF0837BD4680BD6800002080B584B0EF
:1072700002AF7860084611461A460346FB700B467B
:10728000BB7013467B70FB78002B12D0FB78032B6E
:107290000FD8FB781A46920013445B00DBB20A3B1E
:1072A000DAB2B9787B7800930B4600217868FFF753
:1072B000B3FF00BF0837BD4680BD80B485B000AFC6
:1072C0000346FB710023FB730DE00023FB7302E018
:1072D000FB7B0133FB73FB7B092BF9D9FB79DBB219
:1072E000013BDBB2FB71FB79DBB2002BEDD100BFC0
:1072F00000BF1437BD4680BC7047000080B500AFAA
:1073000000F00CF8FFF746FD01230122012102489D
:10731000FFF7ACFF00BF80BD58DE000880B400AFAF
:107320000A4B9B69094A43F008039361084B5B6869
:10733000074A23F0FF035360054B5B68044A43F0A0
:107340003303536000BFBD4680BC7047001002404D
:10735000000C014080B500AF164B5B68154A23F066
:10736000F0035360134B5B68124A43F030035360E1
:10737000114B01221A60114B1B68002B01D1002315
:1073800015E00F4B01221A600120FFF796FF0A4B10
:1073900000221A60094B1B68002B01D0002306E075
:1073A0000220FFF78AFF064B00221A6001231846CD
:1073B00080BD00BF000C0140A481214224812142F4
:1073C000A081214280B500AF114B5B68104A23F0C9
:1073D000F00353600E4B5B680D4A43F0300353607B
:1073E0000C4B00221A600C4B00221A600220FFF79F
:1073F00064FF084B01221A600120FFF75EFF064B75
:1074000001221A600220FFF758FF00BF80BD00BFB5
:10741000000C0140A0812142A481214280B582B0AC
:1074200000AF0023FB71194B5B68184A23F0F0038F
:107430005360164B5B68154A43F080035360144B4E
:1074400001221A600120FFF738FF124B01221A6057
:107450000120FFF732FF0CE0FB790133FB71FB7970
:10746000322B03D9FFF7AEFF00230AE00120FFF71C
:1074700024FF094B1B68002BEED1064B00221A603B
:10748000012318460837BD4680BD00BF000C0140EF
:10749000A4812142A08121422481214280B584B06F
:1074A00000AF0346FB711A4B5B68194A23F0F003E7
:1074B0005360174B5B68164A43F030035360154B1B
:1074C00000221A600023FB7319E0FB79DB09DAB2B2
:1074D000114B1A60FB795B00FB710120FFF7EDFE99
:1074E0000C4B01221A600120FFF7E7FE094B002236
:1074F0001A600120FFF7E1FEFB7B0133FB73FB7B8E
:10750000072BE2D900BF00BF1037BD4680BD00BFCA
:10751000000C0140A0812142A481214280B584B0A9
:1075200000AF3B600346FB710B46BB7113467B719A
:10753000FFF710FF0346002B01D1012331E0FB7957
:107540005B00DBB21846FFF7A9FFFFF767FF0346B2
:10755000002B03D1FFF736FF012322E0BB79184649
:10756000FFF79CFFFFF75AFF0023FB6012E0FB6868
:107570003A6813441B781846FFF790FFFFF74EFF59
:107580000346002B03D1FFF71DFF002309E0FB6832
:107590000133FB607B79FA689A42E8DBFFF712FF60
:1075A000002318461037BD4680BD000080B584B06A
:1075B00000AF0121102001F0D9F863233B8141F68F
:1075C0001F43BB8000237B810023FB803B1D1946AA
:1075D0000D4801F03BFA012201210B4801F07DFD2D
:1075E00036233B7001237B700123BB700123FB70AA
:1075F0003B46184600F0C8FB0121034801F029FD75
:1076000000BF1037BD4680BD0010004080B500AF00
:107610000121254801F0ECFE0346002B42D0012158
:10762000214801F00EFF214B1B780133DAB21F4BCA
:107630001A701F4B1B88002B05D01D4B1B88013B6C
:107640009AB21B4B1A80194B1B78022B2AD9174B65
:1076500000221A70FBF74AF90246164B1B681946BE
:107660001046F9F777FA03461A46124B1A60124B86
:107670001B780133DAB2104B1A700F4B1B78322B88
:1076800010D10C4B1B680D491846F9F71FFC034637
:107690001A460B4B1A60074B4FF000021A60064B5C
:1076A00000221A7000BF80BD001000402505002098
:1076B0002605002020050020240500200000484267
:1076C0002400002080B582B000AF0346FB7100BFEC
:1076D0008021084802F0E2F90346002BF8D0FB793C
:1076E0009BB21946034802F0B9F900BF0837BD46FE
:1076F00080BD00BF0044004080B582B000AF40F2C2
:1077000025510C4802F0E5F90346002B0DD040F25C
:107710002551084802F037FA064802F0B0F903464E
:10772000FB71FB791846FFF7CDFF00BF0837BD4658
:1077300080BD00BF0044004080B483B000AF7860DB
:1077400000BF084B1B889BB203F04003002BF8D00E
:107750007B68DAB2034B9A807B6818460C37BD46CB
:1077600080BC70470038014080B586B000AFF8603B
:10777000B9607A6000237B6109E0BB685A1CBA607B
:107780001B781846FFF7D8FF7B6901337B617A6964
:107790007B689A42F1DB7B6818461837BD4680BD8E
:1077A00080B588B000AF7860012144F2040000F099
:1077B000BFFF4FF40073BB830323BB771823FB7712
:1077C00007F11C0319461D4800F0CAFD4FF4806301
:1077D000BB830423FB7707F11C031946174800F00D
:1077E000BFFD7B68FB6000233B8200237B8200237C
:1077F000BB8200233B830C23FB8207F10C03194659
:107800000F4802F00BF8002240F225510C4802F01C
:10781000DEF801210A4802F0BBF825233B72002361
:107820007B720123BB720123FB7207F10803184628
:1078300000F0AAFA00BF2037BD4680BD0008014015
:107840000038014080B582B000AF0346FB7100BF35
:107850008021084802F022F90346002BF8D0FB797A
:107860009BB21946034802F0F9F800BF0837BD463D
:1078700080BD00BF0038014080B582B000AF00235A
:10788000FB7140F22551094802F023F90346002B11
:1078900008D0064802F0F3F80346FB71FB7918465E
:1078A000FFF7D0FF00BF0837BD4680BD003801405C
:1078B00080B500AF022000F055F8FBF749F8022030
:1078C00000F02AF8012000F027F8FBF7DDFDFBF7B8
:1078D00021F8FBF7C1FDFFF7E1F900214FF4346017
:1078E000FFF7F6F9FBF7BCF8FBF70EF94FF4E130C0
:1078F000FFF756FF4FF49670FBF754F8FBF7A6F925
:10790000FEF7ABFFFEF7C0FFFFF7F8FCFAF75EFFEC
:10791000FFF74CFE00BF80BD80B485B000AF0346CA
:10792000FB71FB79FB60FB685B06FB600B4B9B69A3
:107930000A4A43F001039361094B5B68084A23F04C
:10794000E0635360064B5A680549FB6813434B607C
:1079500000BF1437BD4680BC704700BF0010024016
:107960000000014080B485B000AF0346FB71FB7995
:10797000DB4303F00703FB60FB681B02FB600D4B5E
:10798000DB68BB60BA684FF6FF031340BB60BB689F
:1079900043F0BF6343F40033BB60BA68FB68134332
:1079A000BB60044ABB68D36000BF1437BD4680BCCF
:1079B000704700BF00ED00E080B500AF154B1B68BD
:1079C000144A43F001031360124B5A681149124BD9
:1079D00013404B600F4B1B680E4A23F0847323F453
:1079E000803313600B4B1B680A4A23F48023136017
:1079F000084B5B68074A23F4FE035360054B4FF4C2
:107A00001F029A6000F00CF8044B4FF000629A607D
:107A100000BF80BD001002400000FFF800ED00E054
:107A200080B500AF00F002F800BF80BD80B483B025
:107A300000AF00237B6000233B603A4B1B68394A50
:107A400043F480331360374B1B6803F400333B600F
:107A50007B6801337B603B68002B03D17B68B3F507
:107A6000A06FF0D12F4B1B6803F40033002B02D022
:107A700001233B6001E000233B603B68012B4BD1BD
:107A8000294B1B68284A43F010031360264B1B68E0
:107A9000254A23F003031360234B1B68224A43F05B
:107AA000020313601F4B1F4A5B6853601D4B1D4A46
:107AB0005B6853601B4B5B681A4A43F480635360F6
:107AC000184B5B68174A23F47C135360154B5B68B3
:107AD000144A43F4E8135360124B1B68114A43F0F5
:107AE0008073136000BF0F4B1B6803F00073002B03
:107AF000F9D00C4B5B680B4A23F003035360094B2E
:107B00005B68084A43F00203536000BF054B5B68A3
:107B100003F00C03082BF9D100BF0C37BD4680BC25
:107B2000704700BF001002400020024080B582B0C4
:107B300000AF78604FF000017868F9F7CFFA03469C
:107B4000002B01D07B6801E04FF000031846083796
:107B5000BD4680BD90B5D3B000AF07F5A474A4F5C1
:107B6000A47484E80F0007F5A473A3F5A4731B683D
:107B70004FF07C511846F9F7A9F90346C7F81431BC
:107B800007F5A473A3F5A4735B684FF08041184612
:107B9000F9F79CF90346C7F8183107F5A473A3F564
:107BA000A4739B6870491846F9F790F90346C7F823
:107BB0001C3107F5A473A3F5A473DB686B49184661
:107BC000F9F784F90346C7F820310023C7F8443198
:107BD00043E0674AD7F8443152F82330C7F84031C0
:107BE0000023C7F83C3122E06249D7F844319A00BB
:107BF000D7F83C31134451F82320D7F83C319B008F
:107C000003F5A4733B4453F8343C19461046F9F786
:107C1000A9F803461946D7F84001F8F79BFF034639
:107C2000C7F84031D7F83C310133C7F83C31D7F8B9
:107C30003C31032BD8DDD7F84001FFF777FF024630
:107C4000D7F844319B0003F5A4733B4443F8B42CAC
:107C5000D7F844310133C7F84431D7F844311F2BEA
:107C6000B7DD0023C7F8383143E0434AD7F838314D
:107C700052F82330C7F834310023C7F8303122E0FE
:107C80003E49D7F838315A01D7F83031134451F80A
:107C90002320D7F830319B0003F5A4733B4453F8FD
:107CA000B43C19461046F9F75DF803461946D7F873
:107CB0003401F8F74FFF0346C7F83431D7F83031B5
:107CC0000133C7F83031D7F830311F2BD8DDD7F862
:107CD0003401FFF72BFF014607F5A473A3F59A7350
:107CE000D7F8382143F82210D7F838310133C7F8D4
:107CF0003831D7F838311F2BB7DD214BC7F82C317D
:107D00000023C7F828311DE01E4AD7F8283152F861
:107D1000230007F5A473A3F59A73D7F8282153F825
:107D200022301946F9F71EF803461946D7F82C01F8
:107D3000F8F710FF0346C7F82C31D7F82831013384
:107D4000C7F82831D7F828311F2BDDDDD7F82C01F3
:107D500004F0BEFFC7F82401D7F82431184607F510
:107D6000A677BD4690BD00BFDB0F493F0000A04095
:107D7000C8F40008C8F200084805010848F50008E2
:107D8000DF5D3A3CC805010880B487B000AF786079
:107D900000237B6100233B610F23FB607B68DB7862
:107DA000002B3AD0274BDB68DB431B0A03F00703A9
:107DB0007B617B69C3F104033B61FA687B6922FA4A
:107DC00003F3FB607B685B781A463B6902FA03F3B6
:107DD0007B617B689B781A46FB6813407A69134382
:107DE0007B617B691B017B61174A7B681B78796922
:107DF000C9B213440A4683F800237B681B7803F05A
:107E00001F0311497A6812785209D2B21046012232
:107E100002FA03F341F820300FE07B681B7803F08F
:107E20001F0309497A6812785209D2B2104601221A
:107E30009A4000F1200341F8232000BF1C37BD46C3
:107E400080BC704700ED00E000E100E080B483B04A
:107E500000AF78607B68042B06D1094B1B68084A89
:107E600043F00403136005E0054B1B68044A23F04C
:107E70000403136000BF0C37BD4680BC704700BFD1
:107E800010E000E080B582B000AF78607B68174AF0
:107E900093420AD101214FF4007000F085FC0021CB
:107EA0004FF4007000F080FC1CE07B68104A9342A5
:107EB0000AD101214FF4806000F076FC00214FF4DC
:107EC000806000F071FC0DE07B680A4A934209D1A2
:107ED00001214FF4004000F067FC00214FF4004006
:107EE00000F062FC00BF0837BD4680BD00240140A1
:107EF00000280140003C014080B485B000AF7860AC
:107F000039600023FB600023FB727B685B68FB60C9
:107F1000FB6823F4702323F48073FB603B681A68CA
:107F20003B681B791B021343FA681343FB607B68B1
:107F3000FA685A607B689B68FB60FA68164B1340CE
:107F4000FB603B68DA683B689B681A433B685B7977
:107F50005B001343FA681343FB607B68FA689A601E
:107F60007B68DB6AFB60FB6823F47003FB603B68A3
:107F70001B7C013BDAB2FB7A1343FB72FB7A1B05D5
:107F8000FA681343FB607B68FA68DA6200BF143753
:107F9000BD4680BC704700BFFDF7F1FF80B483B0E1
:107FA00000AF78600B46FB70FB78002B06D07B6837
:107FB0009B6843F001027B689A6005E07B689B68E0
:107FC00023F001027B689A6000BF0C37BD4680BC7D
:107FD000704780B483B000AF78607B689B6843F0E3
:107FE00008027B689A6000BF0C37BD4680BC7047B2
:107FF00080B485B000AF78600023FB737B689B681A
:1080000003F00803002B02D00123FB7301E00023DF
:10801000FB73FB7B18461437BD4680BC704780B4A9
:1080200083B000AF78607B689B6843F004027B6894
:108030009A6000BF0C37BD4680BC704780B485B0E5
:1080400000AF78600023FB737B689B6803F0040338
:10805000002B02D00123FB7301E00023FB73FB7BA9
:1080600018461437BD4680BC704780B483B000AF5B
:1080700078600B46FB70FB78002B06D07B689B6812
:1080800043F4A0027B689A6005E07B689B6823F458
:10809000A0027B689A6000BF0C37BD4680BC704769
:1080A00080B485B000AF7860084611461A46034692
:1080B000FB700B46BB7013467B700023FB600023F4
:1080C000BB60FB78092B23D97B68DB68FB60FB78FE
:1080D000A3F10A0213465B001344072202FA03F3DA
:1080E000BB60BB68DB43FA681340FB607978FB78C0
:1080F000A3F10A0213465B00134401FA03F3BB60C9
:10810000FA68BB681343FB607B68FA68DA601EE0BC
:108110007B681B69FB60FA7813465B0013440722F7
:1081200002FA03F3BB60BB68DB43FA681340FB60F1
:108130007978FA7813465B00134401FA03F3BB60C5
:10814000FA68BB681343FB607B68FA681A61BB7806
:10815000062B21D87B685B6BFB60BB785A1E1346ED
:108160009B0013441F2202FA03F3BB60BB68DB438E
:10817000FA681340FB60F978BB785A1E13469B00DF
:10818000134401FA03F3BB60FA68BB681343FB6056
:108190007B68FA685A6347E0BB780C2B21D87B6870
:1081A0001B6BFB60BB78DA1F13469B0013441F2236
:1081B00002FA03F3BB60BB68DB43FA681340FB6061
:1081C000F978BB78DA1F13469B00134401FA03F3D6
:1081D000BB60FA68BB681343FB607B68FA681A638C
:1081E00022E07B68DB6AFB60BB78A3F10D021346DB
:1081F0009B0013441F2202FA03F3BB60BB68DB43FE
:10820000FA681340FB60F978BB78A3F10D021346BE
:108210009B00134401FA03F3BB60FA68BB68134385
:10822000FB607B68FA68DA6200BF1437BD4680BC29
:10823000704780B483B000AF78607B68DB6C9BB222
:1082400018460C37BD4680BC704780B485B000AF7F
:1082500078600B46FB700023FB737B681A68FB7821
:108260001340002B02D00123FB7301E00023FB73BA
:10827000FB7B18461437BD4680BC704780B485B080
:1082800000AF78600023FB60344BFB607B689B7918
:10829000002B4FD0314B1A687B681B68DB432F499A
:1082A00013400B602D4B5A687B681B68DB432B49DE
:1082B00013404B607B681B791A46FB681344FB60D4
:1082C000FB6819687B681A68FB680A431A60234BCD
:1082D0009A687B681B68DB43204913408B601F4B07
:1082E000DA687B681B68DB431C491340CB607B6802
:1082F0005B79102B0ED1194B9A687B681B68174964
:1083000013438B60154BDA687B681B681349134372
:10831000CB601DE0114BFB607B685B791A46FB6804
:108320001344FB60FB6819687B681A68FB680A43A2
:108330001A600DE07B681B791A46FB681344FB60EA
:10834000FB6819687B681B68DA43FB680A401A609F
:1083500000BF1437BD4680BC704700BF0004014019
:1083600080B489B000AF786039600023FB610023DE
:108370003B610023BB610023FB6000237B61002382
:10838000BB603B68DB7803F00F03FB613B68DB7885
:1083900003F01003002B05D03B689B781A46FB695D
:1083A0001343FB613B681B88DBB2002B44D07B6826
:1083B0001B687B610023BB6138E00122BB6902FAC4
:1083C00003F3FB603B681B881A46FB6813403B6164
:1083D0003A69FB689A4226D1BB699B00FB600F2279
:1083E000FB6802FA03F3BB60BB68DB437A691340A6
:1083F0007B61FA69FB6802FA03F37A6913437B61D4
:108400003B68DB78282B05D10122BB699A407B6849
:108410005A6108E03B68DB78482B04D10122BB6934
:108420009A407B681A61BB690133BB61BB69072B4A
:10843000C3D97B687A691A603B681B88FF2B46D9D1
:108440007B685B687B610023BB613AE0BB690833F2
:10845000012202FA03F3FB603B681B881A46FB68A3
:1084600013403B613A69FB689A4227D1BB699B0084
:10847000FB600F22FB6802FA03F3BB60BB68DB43BF
:108480007A6913407B61FA69FB6802FA03F37A693F
:1084900013437B613B68DB78282B05D1BB6908332C
:1084A00001229A407B685A613B68DB78482B05D1F2
:1084B000BB69083301229A407B681A61BB690133AA
:1084C000BB61BB69072BC1D97B687A695A6000BF61
:1084D0002437BD4680BC704780B485B000AF78605B
:1084E0000B467B800023FB737B689A687B88134074
:1084F000002B02D00123FB7301E00023FB73FB7B05
:1085000018461437BD4680BC7047000080B485B063
:1085100000AF03460A46FB711346BB710023FB60A4
:10852000BB7903F003039B000F2202FA03F3FB6005
:10853000154ABB799B08DBB2023352F82320FB6853
:10854000DB431148B9798908C9B21A408B1C40F83D
:1085500023200D4ABB799B08DBB2023352F823205B
:10856000F979BB7903F003039B0001FA03F3064892
:10857000B9798908C9B21A438B1C40F8232000BF7F
:108580001437BD4680BC70470000014080B485B000
:1085900000AF78600023FB60094B5B68FB60FB6801
:1085A00023F44043FB60FA687B681343FB60044A92
:1085B000FB68536000BF1437BD4680BC704700BFE6
:1085C0000010024080B487B000AF786000237B6168
:1085D00000233B610023FB600023BB604F4B5B68C3
:1085E00003F00C037B617B69082B11D07B69082B9E
:1085F0003AD87B69002B03D07B69042B04D033E08D
:108600007B68474A1A6033E07B68454A1A602FE06E
:10861000424B5B6803F470133B61404B5B6803F4AF
:108620008033FB603B699B0C02333B61FB68002B92
:1086300006D13B693B4A03FB02F27B681A6017E0F4
:10864000364B5B6803F40033002B06D03B69354A98
:1086500003FB02F27B681A600AE03B69304A03FBC5
:1086600002F27B681A6003E07B682D4A1A6000BF43
:108670002A4B5B6803F0F0037B617B691B097B611C
:10868000294A7B6913441B78DBB2BB607B681A689C
:10869000BB68DA407B685A60204B5B6803F4E06398
:1086A0007B617B691B0A7B611F4A7B6913441B78D2
:1086B000DBB2BB607B685A68BB68DA407B689A6053
:1086C000164B5B6803F460537B617B69DB0A7B615B
:1086D000154A7B6913441B78DBB2BB607B685A6820
:1086E000BB68DA407B68DA600C4B5B6803F440439C
:1086F0007B617B699B0B7B610C4A7B6913441B7814
:10870000DBB2BB607B68DA68BB68B2FBF3F27B6804
:108710001A6100BF1C37BD4680BC70470010024084
:1087200000127A0000093D004806010858060108B9
:1087300080B483B000AF78600B46FB70FB78002BF1
:1087400006D0094B9A6908497B6813438B6106E0A0
:10875000054B9A697B68DB43034913408B6100BF7B
:108760000C37BD4680BC70470010024080B483B017
:1087700000AF78600B46FB70FB78002B06D0094BEE
:10878000DA6908497B681343CB6106E0054BDA6977
:108790007B68DB4303491340CB6100BF0C37BD4608
:1087A00080BC70470010024080B483B000AF786096
:1087B0000B46FB70FB78002B06D0094BDA680849A2
:1087C0007B681343CB6006E0054BDA687B68DB43CC
:1087D00003491340CB6000BF0C37BD4680BC7047D7
:1087E0000010024080B483B000AF78600B46FB708D
:1087F000FB78002B06D0094B1A6908497B681343A4
:108800000B6106E0054B1A697B68DB4303491340A3
:108810000B6100BF0C37BD4680BC704700100240A2
:1088200080B582B000AF78607B68784A93420AD105
:1088300001214FF40060FFF7B7FF00214FF4006003
:10884000FFF7B2FFDEE07B68B3F1804F08D1012172
:108850000120FFF7C7FF00210120FFF7C3FFD1E090
:108860007B686B4A934208D101210220FFF7BAFFCF
:1088700000210220FFF7B6FFC4E07B68654A9342FF
:1088800008D101210420FFF7ADFF00210420FFF7EC
:10889000A9FFB7E07B68604A934208D10121082014
:1088A000FFF7A0FF00210820FFF79CFFAAE07B68EC
:1088B0005A4A934208D101211020FFF793FF00216B
:1088C0001020FFF78FFF9DE07B68554A934208D147
:1088D00001212020FFF786FF00212020FFF782FFE3
:1088E00090E07B684F4A93420AD101214FF4005037
:1088F000FFF75AFF00214FF40050FFF755FF81E0CA
:108900007B68494A93420AD101214FF40020FFF7C6
:108910004BFF00214FF40020FFF746FF72E07B6819
:10892000424A93420AD101214FF48010FFF73CFFE5
:1089300000214FF48010FFF737FF63E07B683C4A6B
:1089400093420AD101214FF40010FFF72DFF0021BF
:108950004FF40010FFF728FF54E07B68354A93423C
:1089600008D101214020FFF73DFF00214020FFF703
:1089700039FF47E07B68304A934208D101218020CB
:10898000FFF730FF00218020FFF72CFF3AE07B68E3
:108990002A4A93420AD101214FF48070FFF722FF47
:1089A00000214FF48070FFF71DFF2BE07B68244A05
:1089B00093420AD101214FF48030FFF7F5FE0021E8
:1089C0004FF48030FFF7F0FE1CE07B681D4A9342B5
:1089D0000AD101214FF40030FFF7E6FE00214FF4E9
:1089E0000030FFF7E1FE0DE07B68174A934209D1A2
:1089F00001214FF48020FFF7D7FE00214FF48020A3
:108A0000FFF7D2FE00BF0837BD4680BD002C0140F5
:108A10000004004000080040000C0040001000402E
:108A20000014004000340140004C0140005001405F
:108A30000054014000180040001C0040002000408D
:108A400000400140004401400048014080B485B02E
:108A500000AF786039600023FB817B681B88FB8155
:108A60007B682E4A934213D07B682D4A93420FD0E5
:108A70007B68B3F1804F0BD07B682A4A934207D0C2
:108A80007B68294A934203D07B68284A934208D1E5
:108A9000FB8923F07003FB813B685A88FB891343F1
:108AA000FB817B68224A93420CD07B68214A934227
:108AB00008D0FB8923F44073FB813B68DA88FB898B
:108AC0001343FB817B68FA891A803B689A887B682C
:108AD0009A853B681A887B681A857B680F4A93429F
:108AE0000FD07B680E4A93420BD07B68124A9342A8
:108AF00007D07B68114A934203D07B68104A9342A7
:108B000004D13B681B7A1A467B681A867B6801226F
:108B10009A8200BF1437BD4680BC7047002C0140CC
:108B2000003401400004004000080040000C0040F8
:108B3000001000400014004000400140004401408B
:108B40000048014080B485B000AF786039600023F0
:108B50007B810023FB810023BB817B681B8C9BB244
:108B600023F001039AB27B681A847B681B8CFB811B
:108B70007B689B88BB817B681B8B7B817B8923F017
:108B800070037B817B8923F003037B813B681A8818
:108B90007B8913437B81FB8923F00203FB813B68C4
:108BA0001A89FB891343FB813B685A88FB8913436D
:108BB000FB817B68244A93420FD07B68234A93420F
:108BC0000BD07B68224A934207D07B68214A9342AC
:108BD00003D07B68204A934223D1FB8923F008030A
:108BE000FB813B685A89FB891343FB81FB8923F096
:108BF0000403FB813B689A88FB891343FB81BB8993
:108C000023F48073BB81BB8923F40073BB813B6871
:108C10009A89BB891343BB813B68DA89BB891343BB
:108C2000BB817B68BA899A807B687A891A833B68A2
:108C3000DA887B689A867B68FA891A8400BF1437C1
:108C4000BD4680BC704700BF002C0140003401408D
:108C500000400140004401400048014080B485B01C
:108C600000AF7860396000237B810023FB81002303
:108C7000BB817B681B8C9BB223F010039AB27B688C
:108C80001A847B681B8CFB817B689B88BB817B681B
:108C90001B8B7B817B8923F4E0437B817B8923F4DD
:108CA00040737B813B681B881B029AB27B8913430C
:108CB0007B81FB8923F02003FB813B681B891B011F
:108CC0009AB2FB891343FB813B685B881B019AB214
:108CD000FB891343FB817B68224A934203D07B6864
:108CE000214A93422BD1FB8923F08003FB813B680F
:108CF0005B891B019AB2FB891343FB81FB8923F03B
:108D00004003FB813B689B881B019AB2FB8913439C
:108D1000FB81BB8923F48063BB81BB8923F400639F
:108D2000BB813B689B899B009AB2BB891343BB8183
:108D30003B68DB899B009AB2BB891343BB817B688C
:108D4000BA899A807B687A891A833B68DA887B685B
:108D50001A877B68FA891A8400BF1437BD4680BC25
:108D6000704700BF002C01400034014080B485B042
:108D700000AF7860396000237B810023FB810023F2
:108D8000BB817B681B8C9BB223F480739AB27B6897
:108D90001A847B681B8CFB817B689B88BB817B680A
:108DA0009B8B7B817B8923F070037B817B8923F004
:108DB00003037B813B681A887B8913437B81FB8992
:108DC00023F40073FB813B681B891B029AB2FB8969
:108DD0001343FB813B685B881B029AB2FB891343F8
:108DE000FB817B68224A934203D07B68214A9342ED
:108DF0002BD1FB8923F40063FB813B685B891B0259
:108E00009AB2FB891343FB81FB8923F48063FB81C6
:108E10003B689B881B029AB2FB891343FB81BB8989
:108E200023F48053BB81BB8923F40053BB813B688F
:108E30009B891B019AB2BB891343BB813B68DB89C9
:108E40001B019AB2BB891343BB817B68BA899A80A4
:108E50007B687A899A833B68DA887B689A877B6823
:108E6000FA891A8400BF1437BD4680BC704700BF22
:108E7000002C01400034014080B485B000AF786020
:108E800039600023BB8100237B810023FB817B6849
:108E90001B8C9BB223F480539AB27B681A847B6844
:108EA0001B8C7B817B689B88FB817B689B8BBB8158
:108EB000BB8923F4E043BB81BB8923F44073BB81AE
:108EC0003B681B881B029AB2BB891343BB817B8919
:108ED00023F400537B813B681B891B039AB27B8977
:108EE00013437B813B685B881B039AB27B891343E6
:108EF0007B817B68124A934203D07B68114A93427C
:108F00000AD1FB8923F48043FB813B689B899B0149
:108F10009AB2FB891343FB817B68FA899A807B684C
:108F2000BA899A833B68DA887B68A3F840207B681B
:108F30007A891A8400BF1437BD4680BC704700BFD1
:108F4000002C01400034014080B582B000AF786051
:108F500039603B681B88002B0FD13B6859883B6800
:108F60009A883B681B89786800F07CFA3B68DB884C
:108F70001946786800F0BCF936E03B681B88042B82
:108F80000FD13B6859883B689A883B681B89786891
:108F900000F0D8FA3B68DB881946786800F0C3F91E
:108FA00022E03B681B88082B0FD13B6859883B683F
:108FB0009A883B681B89786800F03EFB3B68DB8839
:108FC0001946786800F0CCF90EE03B6859883B6898
:108FD0009A883B681B89786800F0A4FB3B68DB88B3
:108FE0001946786800F0D7F900BF0837BD4680BD44
:108FF00080B483B000AF78607B684FF6FF729A80D0
:109000007B6800221A807B680022DA807B6800225D
:109010005A807B6800221A7200BF0C37BD4680BCA4
:10902000704780B483B000AF78607B6800221A80FC
:109030007B6800225A807B6801229A807B6800222C
:10904000DA807B6800221A8100BF0C37BD4680BCE5
:10905000704780B483B000AF78600B46FB70FB783C
:10906000002B08D07B681B889BB243F001039AB2A7
:109070007B681A8007E07B681B889BB223F00103A2
:109080009AB27B681A8000BF0C37BD4680BC70471F
:1090900080B483B000AF78600B46FB70FB78002B88
:1090A0000CD07B68B3F844309BB26FEA43436FEA5D
:1090B00053439AB27B68A3F8442009E07B68B3F875
:1090C00044309BB2C3F30E039AB27B68A3F84420EA
:1090D00000BF0C37BD4680BC704780B483B000AF82
:1090E00078600B467B8013467B707B78002B08D022
:1090F0007B689B899AB27B8813439AB27B689A817A
:1091000009E07B689B899AB27B88DB439BB2134062
:109110009AB27B689A8100BF0C37BD4680BC70470D
:1091200080B487B000AFF860084611461A4603467F
:109130007B810B463B811346FB800023FB8200238F
:10914000BB8200237B82FB681B89FB82FB681B8B35
:10915000BB82FB681B8C7B82FB8A23F00703FB82AC
:10916000FA8A7B891343FB82BB8A23F4407323F082
:109170000303BB82BB8A43F4807343F00103BB82C9
:109180007B8A23F022037B82FB881B019AB23B89F6
:1091900013439AB27B8A13437B82FB68FA8A1A8153
:1091A000FB68BA8A1A83FB687A8A1A8400BF1C3764
:1091B000BD4680BC704780B483B000AF78600B467A
:1091C000FB70FB78002B08D07B681B889BB243F0B8
:1091D00080039AB27B681A8007E07B681B889BB289
:1091E00023F080039AB27B681A8000BF0C37BD461B
:1091F00080BC704780B485B000AF78600B467B8040
:109200000023FB817B681B8BFB81FB8923F0080318
:10921000FB81FA897B881343FB817B68FA891A8377
:1092200000BF1437BD4680BC704780B485B000AF26
:1092300078600B467B800023FB817B681B8BFB8166
:10924000FB8923F40063FB817B881B029AB2FB89B4
:109250001343FB817B68FA891A8300BF1437BD462C
:1092600080BC704780B485B000AF78600B467B80CF
:109270000023FB817B689B8BFB81FB8923F0080328
:10928000FB81FA897B881343FB817B68FA899A8387
:1092900000BF1437BD4680BC704780B485B000AFB6
:1092A00078600B467B800023FB817B689B8BFB8176
:1092B000FB8923F40063FB817B881B029AB2FB8944
:1092C0001343FB817B68FA899A8300BF1437BD463C
:1092D00080BC704780B483B000AF78600B467B8061
:1092E0007B687A889A8400BF0C37BD4680BC704783
:1092F00080B483B000AF78600B467B807B681B8BAB
:109300009BB223F00C039AB27B681A837B681B8B99
:109310009AB27B8813439AB27B681A8300BF0C37DA
:10932000BD4680BC704780B483B000AF78600B4608
:109330007B807B681B8B9BB223F440639AB27B6873
:109340001A837B681B8B9AB27B881B029BB21343E8
:109350009AB27B681A8300BF0C37BD4680BC704749
:1093600080B483B000AF78600B467B807B689B8BBA
:109370009BB223F00C039AB27B689A837B689B8B29
:109380009AB27B8813439AB27B689A8300BF0C37EA
:10939000BD4680BC704780B483B000AF78600B4698
:1093A0007B807B689B8B9BB223F440639AB27B6883
:1093B0009A837B689B8B9AB27B881B029BB2134378
:1093C0009AB27B689A8300BF0C37BD4680BC704759
:1093D00080B483B000AF78600B467B807B88DB4332
:1093E0009AB27B681A8200BF0C37BD4680BC7047BA
:1093F00080B485B000AF78600B467B800023FB73A0
:109400000023BB8100237B817B681B8A9AB27B8807
:109410001340BB817B689B899AB27B8813407B8118
:10942000BB89002B05D07B89002B02D00123FB7365
:1094300001E00023FB73FB7B18461437BD4680BC5C
:10944000704780B483B000AF78600B467B807B8828
:10945000DB439AB27B681A8200BF0C37BD4680BCE2
:109460007047000080B487B000AFF860084611462E
:109470001A4603467B810B463B811346FB80002343
:10948000BB820023FB82FB681B8C9BB223F0010391
:109490009AB2FB681A84FB681B8BBB82FB681B8C2F
:1094A000FB82BB8A23F0F303BB82FB881B019AB2C9
:1094B0003B8913439AB2BB8A1343BB82FB681C4AA5
:1094C000934213D0FB681B4A93420FD0FB68B3F161
:1094D000804F0BD0FB68184A934207D0FB68174AAD
:1094E000934203D0FB68164A93420BD1FB8A23F0C8
:1094F0000203FB827A89FB8A13439BB243F0010388
:10950000FB820AE0FB8A23F00A03FB827A89FB8A4A
:1095100013439BB243F00103FB82FB68BA8A1A83B0
:10952000FB68FA8A1A8400BF1C37BD4680BC7047AE
:10953000002C0140003401400004004000080040BD
:10954000000C004080B487B000AFF86008461146B8
:109550001A4603467B810B463B811346FB80002362
:10956000BB820023FB8200237B82FB681B8C9BB2A7
:1095700023F010039AB2FB681A84FB681B8BBB8232
:10958000FB681B8CFB827B891B017B82BB8A23F4DB
:1095900040731B051B0DBB82FB881B039AB2BB8A61
:1095A0001343BB823B891B029AB2BB8A1343BB8223
:1095B000FB681C4A934213D0FB681B4A93420FD0AE
:1095C000FB68B3F1804F0BD0FB68184A934207D079
:1095D000FB68174A934203D0FB68164A93420BD1AB
:1095E000FB8A23F02003FB827A8AFB8A13439BB217
:1095F00043F01003FB820AE0FB8A23F0A003FB8206
:109600007A89FB8A13439BB243F01003FB82FB6809
:10961000BA8A1A83FB68FA8A1A8400BF1C37BD46CF
:1096200080BC7047002C0140003401400004004021
:1096300000080040000C004080B487B000AFF86024
:10964000084611461A4603467B810B463B8113466A
:10965000FB800023BB820023FB8200237B82FB680C
:109660001B8C9BB223F480739AB2FB681A84FB684C
:109670009B8BBB82FB681B8CFB827B891B027B82E2
:10968000BB8A23F0F303BB82FB881B019AB23B89A0
:1096900013439AB2BB8A1343BB82FB681C4A9342B2
:1096A00013D0FB681B4A93420FD0FB68B3F1804F85
:1096B0000BD0FB68184A934207D0FB68174A9342C5
:1096C00003D0FB68164A93420BD1FB8A23F4007344
:1096D000FB827A8AFB8A13439BB243F48073FB823A
:1096E0000AE0FB8A23F42063FB827A89FB8A134316
:1096F0009BB243F48073FB82FB68BA8A9A83FB684F
:10970000FA8A1A8400BF1C37BD4680BC704700BF70
:10971000002C0140003401400004004000080040DB
:10972000000C004080B487B000AFF86008461146D6
:109730001A4603467B810B463B811346FB80002380
:10974000BB820023FB8200237B82FB681B8C9BB2C5
:1097500023F480539AB2FB681A84FB689B8BBB820C
:10976000FB681B8CFB827B891B037B82BB8A23F4F7
:1097700040731B051B0DBB823B891B029AB2BB8A3F
:109780001343BB82FB881B039AB2BB8A1343BB8281
:10979000FB681D4A934213D0FB681C4A93420FD0CA
:1097A000FB68B3F1804F0BD0FB68194A934207D096
:1097B000FB68184A934203D0FB68174A93420BD1C7
:1097C000FB8A23F40053FB827A8AFB8A13439BB201
:1097D00043F48053FB820CE0FB8A23F400735B04A8
:1097E0005B0CFB827A89FB8A13439BB243F4805360
:1097F000FB82FB68BA8A9A83FB68FA8A1A8400BFE4
:109800001C37BD4680BC7047002C0140003401402D
:109810000004004000080040000C004080B58CB0FF
:1098200000AF786039600023FB620023BB62002335
:109830007B6200233B620023FB617B68FB617B68EA
:109840001B8A9BB2FB62FA6A4CF6FF731340FB6201
:109850003B68DB881A46FB6A1343FB62FB6A9AB2D9
:109860007B681A827B689B899BB2FB62FA6A4EF620
:10987000F3131340FB623B689A883B681B891343D0
:109880009AB23B685B8913439BB21A46FB6A134347
:10989000FB62FB6A9AB27B689A817B689B8A9BB267
:1098A000FB62FA6A4FF6FF431340FB623B689B89F9
:1098B0001A46FB6A1343FB62FB6A9AB27B689A8280
:1098C00007F108031846FEF77DFEFB692E4A934216
:1098D00002D17B69BB6201E03B69BB627B689B890B
:1098E0009BB21BB2002B0CDABA6A13469B001344DE
:1098F0009A001A443B681B685B00B2FBF3F37B627F
:109900000BE0BA6A13469B0013449A001A443B6862
:109910001B689B00B2FBF3F37B627B6A1B4AA2FBD2
:1099200003235B091B01FB62FB6A1B09642202FB28
:1099300003F37A6AD31A3B627B689B899BB21BB2A2
:10994000002B0CDA3B6ADB003233104AA2FB032304
:109950005B0903F00703FA6A1343FB620BE03B6AFF
:109960001B013233094AA2FB03235B0903F00F03F7
:10997000FA6A1343FB62FB6A9AB27B681A8100BFE2
:109980003037BD4680BD00BF003801401F85EB5118
:1099900080B483B000AF78600B46FB70FB78002B7F
:1099A00008D07B689B899BB243F400539AB27B68D2
:1099B0009A8107E07B689B899BB223F400539AB29B
:1099C0007B689A8100BF0C37BD4680BC704780B46D
:1099D00087B000AF78600B467B8013467B70002316
:1099E0003B610023FB600023BB6000237B617B683D
:1099F0007B617B88DBB25B09DBB23B617B8803F078
:109A00001F03FB600122FB6802FA03F3BB603B69A2
:109A1000012B03D17B690C337B6109E03B69022B8D
:109A200003D17B6910337B6102E07B6914337B6176
:109A30007B78002B06D07B6919687B69BA680A437A
:109A40001A6006E07B691968BB68DA437B690A40E3
:109A50001A6000BF1C37BD4680BC704780B483B01D
:109A600000AF78600B467B807B88C3F308039AB213
:109A70007B689A8000BF0C37BD4680BC704780B4BD
:109A800083B000AF78607B689B889BB2C3F3080308
:109A90009BB218460C37BD4680BC704780B485B079
:109AA00000AF78600B467B800023FB737B681B88CC
:109AB0009AB27B8813409BB2002B02D00123FB7328
:109AC00001E00023FB73FB7B18461437BD4680BCC6
:109AD000704780B487B000AF78600B467B8000236E
:109AE000FB6000237B610023BB600023FB747B8849
:109AF000DBB25B09DBB2BB607B8803F01F037B61D9
:109B000001227B6902FA03F37B61BB68012B07D159
:109B10007B689B899BB21A467B6913407B6111E08D
:109B2000BB68022B07D17B681B8A9BB21A467B69F4
:109B300013407B6106E07B689B8A9BB21A467B6977
:109B400013407B617B881B0A9BB2FB600122FB6890
:109B500002FA03F3FB607B681B889BB21A46FB6822
:109B60001340FB607B69002B05D0FB68002B02D003
:109B70000123FB7401E00023FB74FB7C18461C37B7
:109B8000BD4680BC704780B485B000AF78600B469E
:109B90007B800023FB810023BB817B881B0AFB8128
:109BA000FB89012202FA03F3BB81BB89DB439AB232
:109BB0007B681A8000BF1437BD4680BC7047000028
:109BC0000D488546FDF7F8FE0C480D490D4A002367
:109BD00002E0D458C4500433C4188C42F9D30A4A62
:109BE0000A4C002301E013600432A242FBD301F0CF
:109BF00043F800F00FF8FEE700C00020000000204E
:109C000040020020780A010840020020AC06002033
:109C1000FEE7000080B500AFFDF74AFEF9F7B6FB9E
:109C2000264800F0C1FE264800F0BEFE01230122B6
:109C300001212448FDF71AFB234B00221A7001234F
:109C4000002202212148FDF711FB0120F9F7EAFB70
:109C50000346012B0CD11C4B1B78002B0CBF01239E
:109C60000023DBB21A46184B1A70C820F8F79AFE88
:109C7000174B1B681846F6F7E7FB02460B461549DB
:109C8000154800F099FE0123002203211248FDF738
:109C9000EDFA124B1B681846F6F7D6FB02460B4648
:109CA0000F490D4800F088FE0123002204210A48D4
:109CB000FDF7DCFA6420F8F775FEC6E76CDE0008F5
:109CC00090DE0008ACDE000838050020BCDE00088D
:109CD00028050020CCDE00083C05002024000020E0
:109CE000E0DE000880B400AF00BFBD4680BC704716
:109CF00080B400AF00BFFDE780B400AF00BFFDE758
:109D000080B400AF00BFFDE780B400AF00BFFDE747
:109D100080B400AF00BFBD4680BC704780B400AFC8
:109D200000BFBD4680BC704780B400AF00BFBD46D9
:109D300080BC704780B400AF00BFBD4680BC704798
:109D400080B400AF01231846BD4680BC704780B583
:109D500082B000AF7860396000F088FF03461622B9
:109D60001A604FF0FF3318460837BD4680BD80B5F6
:109D700082B000AF78604FF0FF317868FFF7E7FFFF
:109D800000BFFDE780B586B000AFF860B9607A60CB
:109D900000237B610AE0AFF300800146BB685A1CD8
:109DA000BA60CAB21A707B6901337B617A697B68D9
:109DB0009A42F0DB7B6818461837BD4680BD80B4F8
:109DC00083B000AF78604FF0FF3318460C37BD46C4
:109DD00080BC704780B483B000AF786039603B6866
:109DE0004FF400525A60002318460C37BD4680BC21
:109DF000704780B483B000AF7860012318460C37F9
:109E0000BD4680BC704780B485B000AFF860B960D3
:109E10007A60002318461437BD4680BC70470000A6
:109E200080B586B000AF7860144A154BD31A7B61B9
:109E30007B693B61134B1B68002B02D1114B124A0B
:109E40001A60104B1A687B6813443A699A4207D229
:109E500000F00CFF03460C221A604FF0FF3309E0BC
:109E6000084B1B68FB60074B1A687B681344054A64
:109E70001360FB6818461837BD4680BD00C000203F
:109E8000000400005C050020B0060020002B2DE936
:109E9000F0471D46BBBF03F100431D4600232D23A1
:109EA00088B01446B8BF1446129A109E1370149BC3
:109EB000DDF84CA023F02008B8F1460F05D0B8F12A
:109EC000450F00D10136022300E0032307AA0492C4
:109ED00006AACDE902A2CDE9003622462B4600F0C3
:109EE0008BFFB8F1470F074619D1119BDB070ED541
:109EF00000EB06090022002320462946F6F764FD00
:109F000008B1CDF81C903022079B4B451ED3384634
:109F1000079B159ADB1B136008B0BDE8F087B8F10A
:109F2000460F00EB0609E5D10378302B0AD1002259
:109F3000002320462946F6F747FD18B9C6F1010669
:109F4000CAF80060DAF800309944D3E7591C079149
:109F50001A70D9E7F7B50029B6BF2D232B23494244
:109F600009290270437029DD0DF1070425460A27EF
:109F7000B1FBF7F6224607FB1613303302F8013C1B
:109F80000B46632B314604F1FF34F1DC3031931E74
:109F900004F8011C1C46411CAB420AD30DF1090315
:109FA0009B1AA54238BF0023821C1344181A03B021
:109FB000F0BD13F8016B01F8016FEDE7302330318C
:109FC0008370C170031DF1E72DE9F04F91B00C468D
:109FD000DDF8688016461F46054600F0FDFD036863
:109FE00018460A93F6F7C4F800230E93D8F8003009
:109FF00094F818A0073323F00703F3E80212D4F80B
:10A0000000B0CDE90812C8F8003013460A46C4E98A
:10A010001223DDE9088323F000490B904FF0FF3253
:10A02000404649469B4BF6F701FD70BB4FF0FF32AF
:10A0300040464946974BF6F7DBFC30BBDDE90801AB
:10A0400000220023F6F7CAFC10B12D2384F8433018
:10A05000914A924BBAF1470F8CBF90469846032322
:10A060004FF0000923612BF004032360334621469F
:10A07000284600970FAA00F0D3F9013040F08F80F6
:10A080004FF0FF3011B0BDE8F08FDDE90823104636
:10A090001946F6F7CBFC40B1099B814A002BBCBFA7
:10A0A0002D2384F843307F4BD4E763680AF0DF093F
:10A0B0005A1C3ED10623636000224BF48063236068
:10A0C00006920EAACDE904A20DAA03920DF1330265
:10A0D000CDE90132636828460093DDE90823FFF7E4
:10A0E000D5FEB9F1470F80460D9929D1C81C02DB76
:10A0F00063688B4241DAAAF1020A5FFA8AFA524691
:10A10000013904F150000D91FFF724FF0E9A8146AA
:10A110001318012A236102DC2268D20701D501331A
:10A1200023619DF83330002BA0D02D2384F84330D9
:10A130009CE7B9F1470FBFD1002BBDD10123BAE78E
:10A14000BAF1650FDBD9BAF1660F18D1002963683F
:10A150000BDD216113B92268D00702D501330B440E
:10A1600023614FF00009A165DBE713B92268D2072C
:10A1700001D50233F4E70123F2E74FF0670A0E9BA3
:10A180008B4205DC23682161D807EAD54B1CE7E741
:10A190000029CCBF0122C1F102021344E0E7236889
:10A1A0005A0507D42369424631462846B84701304C
:10A1B0002BD165E7BAF1650F40F2DC80D4E91201DA
:10A1C00000220023F6F700FC002833D0012331469B
:10A1D0002846354AB84701303FF452AFDDE90D3823
:10A1E000434502DB2368D8070FD5DDE90A23314652
:10A1F0002846B84701303FF443AF4FF0000908F15B
:10A20000FF3804F11A0AC84509DC23689B0700F1EE
:10A210000281E0680F9B9842B8BF184632E70123DD
:10A22000524631462846B84701303FF429AF09F17C
:10A230000109E8E70D9B002B38DC01233146284655
:10A24000194AB84701303FF41BAFDDE90D3959EA2F
:10A25000030302D12368D907D7D5DDE90A233146A4
:10A260002846B84701303FF40BAF4FF0000A04F125
:10A270001A0B0D9B5B42534501DC4B4693E70123D0
:10A280005A4631462846B84701303FF4F9AE0AF144
:10A29000010AEEE7FFFFEF7F600601085C06010898
:10A2A00068060108640601086C060108A36DDDF864
:10A2B00038A05345A8BF5346002B994636DC4FF0D3
:10A2C000000B29EAE97904F11A02A36D0893A3EBC4
:10A2D00009035B4531DC0D9B9A453ADC2368DA07BC
:10A2E00037D40D9BAAEB0309089BAAEB03039945FE
:10A2F000A8BF9946B9F1000F33DC4FF0000829EAF6
:10A30000E97904F11A0B0D9BAAEB0303A3EB0903F4
:10A3100043457FF77AAF01235A4631462846B8476E
:10A3200001303FF4ADAE08F10108ECE7424631469A
:10A330002846B8470130C2D1A2E60123314628465B
:10A340000892B84701303FF49BAE089A0BF1010B1D
:10A35000BBE73146DDE90A232846B8470130C0D1C2
:10A360008EE6089A4B46314628464244B8470130AB
:10A37000C3D185E6DDF838A0BAF1010F01DCDB07B7
:10A3800036D50123424631462846B84701303FF4CE
:10A3900077AEDDE90A2331462846B84701303FF45D
:10A3A0006FAED4E91201002200230AF1FF3AF6F75A
:10A3B0000BFBC0B9534608F1010231462846B847A5
:10A3C00001300CD15CE601235A4631462846B84795
:10A3D00001303FF455AE08F10108D045F3DB4B46A0
:10A3E00004F15002E0E64FF0000804F11A0BF4E724
:10A3F00001234246E1E701234A4631462846B84751
:10A4000001303FF43DAE08F10108E3680F995B1A93
:10A410004345F0DCFDE64FF0000804F11909F4E7CC
:10A420002DE9F047164698468A680B69074693421D
:10A43000B8BF1346336091F843200C46DDF82090F6
:10A440000AB1013333602368990642BF336802338F
:10A450003360256815F0060506D104F1190AE36892
:10A4600032689B1AAB422BDC94F843302268003BE5
:10A4700018BF0123920630D44146384604F1430206
:10A48000C847013023D02368226903F00603042B58
:10A4900014BF002533684FF0000608BFE56804F1DB
:10A4A0001A0408BFED1A54F8123C08BF25EAE575F6
:10A4B0009342C4BF9B1AED18B5421AD1002008E0A0
:10A4C0000123524641463846C847013003D14FF078
:10A4D000FF30BDE8F0870135C1E73020E11881F891
:10A4E00043005A1C94F845102244023382F843106A
:10A4F000C2E70123224641463846C8470130E6D02C
:10A500000136D9E72DE9F0430D7E85B0782D9046D0
:10A5100007460C4699460C9E01F1430207D8622D6E
:10A520000AD8002D00F0D780582D00F0BC8004F12F
:10A53000420684F842503BE0A5F16303152BF6D8A0
:10A5400001A151F823F000BFA1A50008B5A500089E
:10A550002FA500082FA500082FA500082FA500088B
:10A56000B5A500082FA500082FA500082FA50008F5
:10A570002FA50008BDA60008DFA500086FA60008EB
:10A580002FA500082FA50008DFA600082FA50008AA
:10A59000DFA500082FA500082FA5000877A6000852
:10A5A00033681A1D1B68326004F1420684F8423099
:10A5B0000123A1E033682068191D3160060601D52A
:10A5C0001D6803E04506FBD5B3F90050002D03DA02
:10A5D0002D236D4284F843300A235B4811E0216843
:10A5E0003368080653F8045B02D4490648BFADB28D
:10A5F0003360237E54486F2B5CD10823002184F8FC
:10A6000043106668002EA66005DB21682E4321F00A
:10A610000401216050D01646B5FBF3F103FB115C39
:10A6200010F80CC006F801CDAC4663450D46F3D9D1
:10A63000082B0BD12368DB0708D523696168994291
:10A64000DEBF302306F8013C06F1FF36921B226183
:10A65000434621463846CDF8009003AAFFF7E0FEB6
:10A6600001304ED14FF0FF3005B0BDE8F0832368D4
:10A6700043F0200323607825344884F8455023684C
:10A68000316813F0800F51F8045B03D113F0400FD1
:10A6900018BFADB23160D90744BF43F02003236037
:10A6A0001DB11023AAE72848E7E7236823F0200319
:10A6B0002360F6E70A23A1E71646B9E73368256861
:10A6C000181D616930602E061B6801D5196002E013
:10A6D0006806FBD51980002316462361B8E7336866
:10A6E00000211A1D32601E686268304600F0EBFAE5
:10A6F00008B1801B606063682361002384F84330E5
:10A70000A6E73246414638462369C8470130A9D0FA
:10A7100023689B0713D4E068039B9842B8BF184690
:10A72000A2E70123324641463846C847013099D056
:10A730000135E36803995B1AAB42F2DCEBE70025D5
:10A7400004F11906F5E700BF6E0601087F0601084F
:10A75000002310B50446C0E90033C0E90433836028
:10A7600081814366C2818361194608225C3000F012
:10A770002BFA0D4B246263620C4BA3620C4BE36219
:10A780000C4B23630C4B9C4206D003F168029442AD
:10A7900002D0D0339C4205D104F15800BDE81040EE
:10A7A00000F08EBA10BD00BFFDA900081FAA000866
:10A7B00057AA00087DAA000860050020024A034944
:10A7C000034800F06BB800BF78000020EDC8000817
:10A7D0008800002041680C4B10B59942044601D016
:10A7E00002F084F8A168094B994202D0204602F099
:10A7F0007DF8E168064B994204D02046BDE8104040
:10A8000002F074B810BD00BF60050020C80500202C
:10A81000300600200C4B0D4A10B504211A600C487C
:10A820000022FFF795FF0A4B01221C46092103F184
:10A830006800FFF78DFF04F1D0000222BDE8104050
:10A840001221FFF785BF00BF98060020BDA70008B2
:10A8500060050020014800F034BA00BFA1060020C6
:10A86000014800F02FBA00BFA106002010B5044631
:10A87000FFF7F0FF236A1BB1BDE81040FFF7F0BF00
:10A88000044B2362044B1B68002BF5D1FFF7C2FF7A
:10A89000F2E700BFD5A70008980600202DE9F8438D
:10A8A0000746884614460026D4E90195B9F1010906
:10A8B00005D52468002CF7D13046BDE8F883AB8974
:10A8C000012B07D9B5F90E30013303D0294638469C
:10A8D000C04706436835E9E70FB407B5064904AB3E
:10A8E000086853F8042B8168019301F06DFE03B0F2
:10A8F0005DF804EB04B0704784000020036A70B573
:10A9000005460E4684680BB9FFF7B0FF636EDB07A0
:10A9100005D4A389980502D4A06D00F0D2F9A389CB
:10A92000190702D52369002B35D12146284600F0AE
:10A93000E7F880B34FF0FF35636EDA0705D4A389DB
:10A940009B0502D4A06D00F0BDF9284670BD002B18
:10A9500004DAA269934217DB0A2915D023685A1C2E
:10A9600022601970A36816F8011F013BA36000293B
:10A97000EDD1002B11DA22460A21284600F082F898
:10A980000130D7D00A25D7E72246284600F07AF8CA
:10A990000130E7D1CEE7013EE4E723685A1C22608C
:10A9A0000A221A70EEE70000024B01461868FFF712
:10A9B000A5BF00BF840000200EB46FF0004110B5A9
:10A9C00000249DB01FAB02900690079104910948A6
:10A9D000094953F8042B0591006802A901931B94BF
:10A9E00001F0D2FC029B1C701DB0BDE8104003B00A
:10A9F000704700BF840000200802FFFF10B50C461E
:10AA0000B1F90E1000F00EF90028ABBF636DA389F9
:10AA10001B1823F48053ACBF6365A38110BD2DE9DF
:10AA2000F0411F468B890546DB050C46164605D5C9
:10AA300002230022B1F90E1000F0E2F8A389324699
:10AA400023F48053A38128463B46B4F90E10BDE899
:10AA5000F04100F0F9B810B50C46B1F90E1000F055
:10AA6000CFF8B4F90C30421C0BBF23F4805343F4ED
:10AA70008053A381A38118BF606510BDB1F90E108A
:10AA800000F0AEB8F8B50E461446054618B1036A94
:10AA90000BB9FFF7EBFEA369A360A3891A0701D5E1
:10AAA000236943B92146284600F02AF818B14FF02F
:10AAB000FF373846F8BD23682269F6B2981A6369F1
:10AAC0003746834205DC2146284601F00FFF002867
:10AAD000EDD1A368013BA36023685A1C22601E705D
:10AAE0006269431C9A4204D0A389DB07E1D50A2E90
:10AAF000DFD12146284601F0F9FE0028D9D0D6E75B
:10AB000038B5284B054618680C4618B1036A0BB9CE
:10AB1000FFF7ACFEB4F90C301A0721D4D80607D4DD
:10AB200009222A6043F040034FF0FF30A38130E058
:10AB3000590712D5616B41B104F14403994202D027
:10AB4000284600F03FFF002363630022B4F90C3075
:10AB50006260226923F02403226043F00803A3818A
:10AB600022693AB99A0501D5180603D52146284627
:10AB700001F008FFB4F90C3013F001020AD00022F2
:10AB8000A26062695242A261226942B913F0800058
:10AB9000C8D138BD990758BF6269A260F4E70020A8
:10ABA000F7E700BF8400002010B50139024490424D
:10ABB00001D1002005E0037811F8014FA34201D034
:10ABC000181B10BD0130F2E703460244934200D146
:10ABD000704703F8011BF9E700487047C4010020E3
:10ABE00038B50023054D044608462B60FFF7E7F80B
:10ABF000431C02D12B6803B1236038BD9C060020A2
:10AC000038B50446084611460022054D2A601A460A
:10AC1000FFF7F9F8431C02D12B6803B1236038BD5C
:10AC20009C06002038B50446084611460022054D12
:10AC30002A601A46FFF7A6F8431C02D12B6803B11D
:10AC4000236038BD9C06002038B5044608461146EE
:10AC50000022054D2A601A46FCF786FD431C02D1EE
:10AC60002B6803B1236038BD9C060020014B186897
:10AC7000704700BF8400002070B500260C4D0D4BBE
:10AC80005B1B9C10A64209D1002602F0B7FF0A4DBB
:10AC90000A4B5B1B9C10A64205D170BD55F8043BC6
:10ACA00098470136EEE755F8043B98470136F2E73E
:10ACB000700A0108700A0108700A0108740A010884
:10ACC000704770477047034610B5C9B202449342BB
:10ACD000184601D1002003E0047801338C42F6D1FC
:10ACE00010BD2DE9F74F03690C690746A3427EDBCF
:10ACF000013CA30000F1140501F11408009305EBD9
:10AD00008403019358F8243055F8242001339A42E3
:10AD1000B2FBF3F608EB84092ED34FF0000AC446C9
:10AD2000AE46D3465CF8043B98B206FB00A01B0C71
:10AD3000020C06FB0323DEF8002080B292B2121A46
:10AD40005A44DEF800004FEA134A9BB2C3EB224399
:10AD500003EB104392B242EA0342E1454FEA234B30
:10AD60004EF8042BDED2009BEB582BB9019B043B21
:10AD70009D421A462FD33C61384601F099F90028CC
:10AD800025DB2946002058F8042BD1F800C01FFA13
:10AD900082FE1FFA8CF3A3EB0E030344120CC2EBEA
:10ADA000234202EB1C429BB243EA0243C1454FEAF5
:10ADB000224041F8043BE6D255F8242005EB8403F9
:10ADC00022B9043B9D421A460BD33C610136304602
:10ADD00003B0BDE8F08F1268043B002ACBD1013CE0
:10ADE000C6E71268043B002AEFD1013CEAE70020E5
:10ADF000EEE70000000000002DE9F04F16461F4668
:10AE0000C26999B08146CDE90E67259C82B91020B0
:10AE100000F020FE0246C9F81C0020B9EF21A84B23
:10AE2000A84801F041FE0023C0E901330360C3607C
:10AE3000116859B101235268484693404A608B60BB
:10AE400000F0FCFE0022D9F81C301A60B7F10008AF
:10AE5000B5BF01230023236023609B4BBCBF28F0B8
:10AE60000048CDF83C8033EA08031AD142F20F7350
:10AE7000249AC8F3130858EA0608136000F0748592
:10AE8000269B53B9914B21E0914B03930833269AAB
:10AE90001360039819B0BDE8F08F8C4B0393033314
:10AEA000F5E7DDE90E34CDE90A34DDE90A010022D7
:10AEB0000023F5F789FD824650B10123249A1360DF
:10AEC000269B13B1834B269A1360834B0393E0E7D1
:10AED00016AB019317AB00934846DDE90A2301F056
:10AEE0009BF95FEA1854169D04907BD0DDE90A01B6
:10AEF0000B9BA4F2FF34C3F3130343F07F5343F4DB
:10AF00004013CDF850A019460022744BF5F73CF9D8
:10AF100065A3D3E90023F5F7EFFA65A3D3E900238E
:10AF2000F5F734F9064620460F46F5F77BFA62A39B
:10AF3000D3E90023F5F7E0FA02460B4630463946DE
:10AF4000F5F724F906460F46F5F786FD0022804600
:10AF5000002330463946F5F741FD48B14046F5F744
:10AF600061FA32463B46F5F72FFD08B908F1FF3884
:10AF7000B8F1160F53D8DDE90A01594B03EBC803AA
:10AF8000D3E90023F5F72AFD00284AD0002308F171
:10AF9000FF3811932D1B6B1E099349BF0023002717
:10AFA000C5F101070993B8F1000F3CDB099BCDF80F
:10AFB00040804344099300230C93229B092B64D8BF
:10AFC000052BC4BF043B2293229BC8BF0024A3F1DE
:10AFD0000203D8BF0124032B00F28680DFE803F0D0
:10AFE0005153362B179C2C4404F23243202BC1BF03
:10AFF000C3F1400308FA03F804F2124326FA03F3FC
:10B00000D6BFC3F1200348EA030006FA03F0F5F7C0
:10B01000F9F90122A1F1F873013C149273E70123BD
:10B02000B7E71190B6E7C8F100030C930023A7EB34
:10B0300008071093C1E701230D93239B4344089312
:10B040000133012B0593B8BF012306E001230D93C3
:10B05000239B002B4BDD0893059300210422D9F894
:10B060001C0002F114059D4246D94160484600F09B
:10B07000A7FD0390002842D1024640F2AF11194BC0
:10B08000CEE60023E3E70023D6E7012400230D9456
:10B0900022934FF0FF33002208930593122323924B
:10B0A000DBE700BFAFF3008061436F63A787D23F48
:10B0B000B3C8608B288AC63FFB799F501344D33FA7
:10B0C0009D060108B40601080000F07F99060108FA
:10B0D000900601086D0601086C0601080000F83FA3
:10B0E000080801080C07010801230D93D1E701238B
:10B0F0001A4608930593D2E701315200B1E7D9F817
:10B100001C30039A1A60059B0E2B00F2A180002CC4
:10B1100000F09E80B8F1000F36DD9F4B08F00F0263
:10B1200003EBC20318F4807F4FEA2815D3E900AB84
:10B1300016D0DDE90A01994B0324D3E90823F5F77A
:10B1400005FBCDE9060105F00F05944E75B9DDE963
:10B15000060152465B46F5F7F9FA82468B462DE02A
:10B16000DDE90A34CDE906340224EEE7E90708D523
:10B17000D6E9002350465946F5F7BEF982468B467C
:10B1800001346D100836E1E700F0AD80DDE90A0119
:10B19000C8F10005804B05F00F0203EBC203D3E9B1
:10B1A0000023F5F7A9F9022482468B4600237B4E43
:10B1B0002D11002D40F08C80002BCED1119B002B47
:10B1C00000F09580002250465946754BF5F706FC75
:10B1D000002800F08C80059B002B00F08880089BE5
:10B1E000002B35DD08F1FF33504659460693002207
:10B1F0006C4BF5F781F982468B46089E0134204658
:10B20000F5F710F952465B46F5F776F90022664BE2
:10B21000F4F7BCFF0446A1F15075CDE91245002EAC
:10B2200069D1002250465946604BF4F7ADFF2246E3
:10B230002B4682468B46F5F7EFFB002840F09982BB
:10B2400022465046594605F10043F5F7C7FB20BB9F
:10B25000179B002BC0F26581B8F10E0F00F36181DE
:10B260004D4B03EBC803D3E900AB239B002B80F2CB
:10B27000EF80059B002B00F3EB800ED100224B4B9F
:10B2800050465946F5F738F902460B46DDE90A0102
:10B29000F5F7AEFB002800F06F8200252C46239BBB
:10B2A000039EDB430693274600242946484600F0C8
:10B2B000C5FC002F00F0C2802CB1BC4203D0214657
:10B2C000484600F0BBFC3946484600F0B7FCB5E004
:10B2D000EA0705D5D6E90023F5F70EF90123013475
:10B2E0006D10083665E70224DDE90AAB66E7059EC6
:10B2F000CDF8188083E7284B03EBC60353E902011E
:10B300000D9B002B56D002460B4600202849F5F72E
:10B310001DFADDE91223F4F737FF039BCDE9120193
:10B320009D191E4659465046F5F796FB0446F5F71B
:10B3300079F802460B4650465946F4F725FFDDE9F9
:10B340001223303406F8014B82468B46F5F746FB54
:10B35000002873D152465B4600201149F4F714FFD0
:10B36000DDE91223F5F73AFB002840F0BB80AE423E
:10B370003FF46EAFDDE9120100220A4BF5F7BCF88D
:10B380000022CDE91201074B50465946F5F7B4F8B3
:10B3900082468B46C6E700BF08080108E00701089F
:10B3A0000000F03F0000244000001C40000014405A
:10B3B0000000E03FDDE91223F5F79EF8039BCDE99D
:10B3C00012013344039D159359465046F5F744FB4B
:10B3D0000446F5F727F80B46024659465046F4F75F
:10B3E000D3FE3034159B05F8014B9D4282468B46B7
:10B3F00027D1DDE91201039B00221E44B54BF4F76F
:10B40000C5FE02460B4650465946F5F705FB002897
:10B4100068D1DDE912230020AE49F4F7B5FE0246FB
:10B420000B4650465946F5F7D9FA00283FF410AFBD
:10B43000334616F8012D302AFAD01E46DDF8188062
:10B440003EE00022A44BF5F757F882468B46BBE757
:10B450000024039EA04D5246DDE90A015B46F5F744
:10B4600075F9F5F7F9FA0746F4F7DCFF52465B4643
:10B47000F5F742F802460B46DDE90A01F4F784FECF
:10B4800007F1300C06F801CBDDF80CC0DDF814E054
:10B49000A6EB0C0CE64502460B4633D1F4F776FEDC
:10B4A00052465B4604460D46F5F7B6FAC0B9524619
:10B4B0005B4620462946F5F787FA08B1FB070FD40B
:10B4C0004846049900F0BAFB0023249A337008F12F
:10B4D00001031360269B002B3FF4DBAC1E60D8E415
:10B4E000CDF8188033461E4613F8012D392A06D1AF
:10B4F000039A9A42F7D1069A01320692302201321B
:10B500001A709BE722462B46F4F7F6FF02460B46DD
:10B51000CDE90A2300220023F5F756FA00289AD035
:10B52000CEE70D9A002A00F0E380229A012A00F368
:10B53000C280149A002A00F0BA8003F233430C9DB3
:10B540003E46099A01211A4448461F44099200F0D8
:10B5500029FC044656B1099B002B07DDB342A8BF66
:10B560003346099AFF1AF61AD31A09930C9B0BB3A8
:10B570000D9B002B00F0C380002D00F0BD80214604
:10B580002A46484600F0CCFC049A01460446484648
:10B5900000F01EFC04998246484600F04FFB0C9BCD
:10B5A0005B1B0C9300F0AE8051460C9A484600F0AD
:10B5B000B7FC04900121484600F0F4FB109B0546BF
:10B5C000002B00F0D8811A460146484600F0A8FC3E
:10B5D000229B0546012B00F39D800E9B002B40F023
:10B5E00094800F9BC3F31303002B40F08E800F9BBE
:10B5F00023F000431B0D1B05002B00F089804FF04A
:10B60000010A099B013701330993109B002B00F0BD
:10B61000B8812B6905EB8303186900F077FBC0F153
:10B620002000099B184410F01F007ED0C0F12003B9
:10B63000042B72DD099BC0F11C000344074406443F
:10B640000993002F05DD3A464846049900F0C4FCF2
:10B650000490099B002B05DD29461A46484600F058
:10B66000BBFC0546119B002B61D02946049800F0D5
:10B670001FFD00285BDA08F1FF3306930A2200233E
:10B680004846049900F0FCFA0D9B0490002B00F052
:10B690007A81002321460A22484600F0F1FA089BED
:10B6A0000446002B72DC229B022B49DC6EE0169BC9
:10B6B000C3F1360343E7059B5D1E0C9BAB420DDBDC
:10B6C0005D1B059B002BBFF63BAF059BFE1A0023BD
:10B6D00037E700BF0000E03F000024400C9B109AB9
:10B6E000EB1A1A440C953E460025059B109228E75C
:10B6F0003E460C9D0D9C2DE7DDF810A054E70C9AFA
:10B70000049953E7CDF810A054E74FF0000A7CE706
:10B710009A467AE74FF0000A7BE792D0099A1C33E9
:10B720001A441F441E4409928BE70346F6E7059B23
:10B73000CDF81880002B23DC0893229B022B21DDFF
:10B74000089B002B7FF4ABAD29460522484600F04C
:10B7500097FA01460546049800F0AAFC00287FF7F6
:10B760009EAD3123039E06F8013B069B01330693F1
:10B7700099E535462C46F4E7059DCDF81880F9E7A4
:10B78000059B08930D9B002B00F00181002E05DD29
:10B7900021463246484600F01FFC0446BAF1000F2D
:10B7A0005AD04846616800F00BFA064628B90246AE
:10B7B00040F2EF21814BFFF733BB226904F10C010A
:10B7C000023292000C3001F061F901223146484604
:10B7D00000F002FC0746039B039A03F1010B089B50
:10B7E00013440A930E9B03F0010309930BF1FF33FB
:10B7F000294604980593FFF774FA2146089000F152
:10B80000300A049800F054FC3A46804629464846DF
:10B8100000F06AFCC268064602BB0146049800F0CC
:10B8200047FC0246314648460C9200F007FA229B3C
:10B830000C9A5E4642EA0301099B194310D1BAF102
:10B84000390F2BD0B8F1000F02DD089B03F1310A4C
:10B85000059B83F800A028E52746BCE70122E1E725
:10B86000B8F1000F06DB229B48EA0308099B58EA5F
:10B87000030820D1002AEBDD01220499484600F09C
:10B88000ABFB2946049000F013FC002803DCDFD159
:10B890001AF0010FDCD0BAF1390FD6D13923059A4D
:10B8A000137033461E4616F8012C013B392A53D03B
:10B8B00001321A70F9E4002A07DDBAF1390FEDD030
:10B8C000059A0AF101031370EFE40A9B0BF801AC2F
:10B8D0005B452BD000230A220499484600F0D0F99A
:10B8E000BC4204904FF000034FF00A022146484644
:10B8F00006D100F0C5F9044607460BF1010B75E7C8
:10B9000000F0BEF93946044600230A22484600F0FA
:10B91000B7F90746F1E7089B2746002B03F1FF36EE
:10B92000D8BF00260024039B5A1C16440122049908
:10B93000484600F051FB2946049000F0B9FB00286E
:10B94000AFDC02D11AF0010FABD133461E4613F81B
:10B95000012D302AFAD0A8E4039A9A42A2D1069B7C
:10B96000013306933123AEE7269B002B7FF48CAA8C
:10B97000134BFFF7ABBA229B012B7FF72EAEDDF8FE
:10B9800040A001204DE6089B002B7FF7D6AE039E1A
:10B9900029460498FFF7A5F9039B00F1300A06F841
:10B9A00001ABF21A089B9342B5DD00230A224846F8
:10B9B000049900F065F90490EAE700BF0C0701085C
:10B9C0009006010838B50546002940D051F8043CDE
:10B9D0000C1F002BB8BFE41800F0E6F81C4A1368EF
:10B9E00033B9636014602846BDE8384000F0E2B81F
:10B9F000A34208D9206821188B4201BF19685B68EF
:10BA000009182160EDE71A465B680BB1A342FAD929
:10BA100011685018A0420BD120680144501883428D
:10BA20001160E0D118685B68084410605360DAE781
:10BA300002D90C232B60D6E7206821188B4201BF66
:10BA400019685B680918216063605460CBE738BDF2
:10BA5000A8060020024B0146186800F025B800BF78
:10BA60008400002070B50F4E0C463168054611B9B0
:10BA700000F0FCFF30602146284600F0F7FF431C31
:10BA800003D14FF0FF34204670BDC41C24F00304E2
:10BA9000A042F8D0211A284600F0E8FF0130F2D188
:10BAA000EFE700BFA40600202DE9F843CD1C25F0E8
:10BAB000030508350C2D38BF0C25002D064601DB8B
:10BAC000A94204D90C2333600020BDE8F883DFF8D5
:10BAD000D48000F069F8D8F800301C4644BB2946F1
:10BAE0003046FFF7BFFF431C044658D1D8F800404A
:10BAF0002746002F43D1002C4BD0236839463046CF
:10BB000004EB030900F0B2FF814542D121683046C1
:10BB10006D1A2946FFF7A6FF01303AD023682B445F
:10BB20002360D8F800305A6862BBC8F800700FE094
:10BB30002268521B20D40B2A17D96119A342256011
:10BB400018BF5960636808BFC8F8001062514B60A5
:10BB5000304600F02FF804F10B00231D20F0070001
:10BB6000C21A1CBF1B1AA350AFE76268A3420CBFE6
:10BB7000C8F800205A60EBE723466468AEE73C460D
:10BB80007F68B6E71A465B68A342FBD10023536087
:10BB9000DEE70C233046336000F00CF894E70560D4
:10BBA000D6E700BFA80600200148FFF78AB800BF0B
:10BBB000A00600200148FFF785B800BFA0060020BE
:10BBC00070B5C46905460E4684B91020FFF742FFE0
:10BBD0000446E86128B902466B21164B164800F06E
:10BBE00063FF0023C0E901330360C360E36853B916
:10BBF00021220421284600F075FFEB69E060DB6834
:10BC00000BB9002070BD53F8260030B1026843F82C
:10BC100026200023C0E90333F4E7012101FA06F4EA
:10BC2000621D2846920000F05DFF0028E9D0C0E9BF
:10BC30000164EEE79D0601081D07010870B5C6699D
:10BC400005460C4676B91020FFF704FF0246E8616E
:10BC500020B98F21084B094800F026FFC0E9016692
:10BC60000660C6603CB1EB696268DB6853F822107D
:10BC7000216043F8224070BD9D0601081D070108A0
:10BC80002DE9F04107460C461E4600200D6901F1E2
:10BC9000140CDCF80030013099B202FB01611E0C7B
:10BCA0000B0C02FB063389B201EB034185424FEADC
:10BCB00013464CF8041BECDC0EB3A368AB4219DC52
:10BCC000616838460131FFF77BFF804628B902469C
:10BCD000BA210C4B0C4800F0E7FE226904F10C017C
:10BCE000023292000C3000F0D1FE21463846FFF7B8
:10BCF000A5FF444604EB850301355E6125612046BE
:10BD0000BDE8F0810C0701081D0701080346B0F5E6
:10BD1000803F3ABF030410200020B3F1807F3CBF76
:10BD20001B020830B3F1805F3CBF1B010430B3F14C
:10BD3000804F3CBF9B000230002B05DB13F0804F8F
:10BD400000F1010008BF202070470368024613F08D
:10BD500007000BD0D90721D4980749BF5B089B087F
:10BD6000012013605CBF02201360704799B209B9CB
:10BD700010201B0CD9B209B908301B0A190704BFDF
:10BD80001B090430990704BF9B080230D90703D46C
:10BD90005B0800F1010003D013607047002070477A
:10BDA0002020704710B50C460121FFF709FF02461D
:10BDB00028B940F24511044B044800F075FE0123F8
:10BDC0004461036110BD00BF0C0701081D07010895
:10BDD0002DE9F04FD1F81090D2F810A08846D14547
:10BDE000144685B004DB53460C46CA469046994635
:10BDF000A36861680AEB0906B342B8BF0131FFF7D7
:10BE0000DFFE30B902464FF4B171434B434800F0B6
:10BE10004BFE00F114052B46002205EB8607BB42C2
:10BE20001FD304F1140C08F114010CEB8A0301EB8D
:10BE3000890202921A1B153A22F0030215349C4221
:10BE400088BF00220192029A03918A420CD8002EE8
:10BE500003DD57F8043D002B5CD0066105B0BDE85A
:10BE6000F08F43F8042BDAE7B1F800A0BAF1000F25
:10BE700023D0E046A9464FF0000E58F8042BD9F81D
:10BE800000401FFA82FBA4B20AFB0B447444D9F8A9
:10BE900000E0120C4FEA1E4E0AFB02E202EB1442D3
:10BEA000A4B244EA024443454FEA124E49F8044B17
:10BEB000E3D8019AAA18C2F804E0039A0431B2F850
:10BEC0000280B8F1000F23D02A68E6469146AA46C0
:10BED0004FF0000BBEF8004092B208FB04B404EB34
:10BEE000194442EA04424AF8042B5EF8042BDAF8BB
:10BEF00000904FEA124B1FFA89F208FB0B227345A0
:10BF000002EB14424FEA124BE4D8019C2C196260F8
:10BF1000043598E7013E9AE70C0701081D07010860
:10BF20002DE9F843174612F0030280460D4607D06C
:10BF3000264C013A002354F82220FFF7A1FE0546C3
:10BF4000BF103FD0D8F81C4094B91020FFF782FDF5
:10BF50000446C8F81C0030B9024640F2B3111C4B2D
:10BF60001C4800F0A1FD0023C0E901330360C36059
:10BF7000A66846B940F271214046FFF713FF00233F
:10BF80000646A06003602C464FF0000907F001034D
:10BF90007F1053B1294632464046FFF719FF21462C
:10BFA00005464046FFF74AFE67B1306838B9324669
:10BFB00031464046FFF70CFF3060C0F8009006465F
:10BFC0002C46E3E72846BDE8F88300BFD007010808
:10BFD0009D0601081D0701082DE9F84F0C4607468C
:10BFE00015462369496803EB6218A3684FEA621A91
:10BFF00008F101094B450BDB3846FFF7E1FD06462A
:10C0000048B902464FF4EF71274B284800F04CFD29
:10C0100001315B00EEE70023194600F1140C00F13A
:10C020001002534534DB22692AEAEA7A0CEB8A0CC7
:10C0300004F1140315F01F0E614603EB82022BD0AE
:10C040000025CEF1200A8B461868043100FA0EF064
:10C050002843CBF8000053F8045B9A4225FA0AF50E
:10C06000F1D8131B153B23F0030304F115018A4299
:10C0700038BF00239C44CCF8045005B9C14638466B
:10C080002146C6F81090FFF7D9FD3046BDE8F88F7D
:10C0900042F8041F0133C4E753F8045B04319A42A9
:10C0A00041F8045CF8D8E9E70C0701081D0701080E
:10C0B00003460A69006930B5801A0ED11433143171
:10C0C00003EB820401EB820154F8045D51F8042D66
:10C0D000954203D005D24FF0FF3030BDA342F3D3D9
:10C0E000FBE70120F9E700002DE9F74F8A460646F5
:10C0F000114650461446FFF7DBFF051E12D12946B4
:10C100003046FFF75DFD024628B940F23721404B2B
:10C11000404800F0C9FC0123C0E90435104603B0D3
:10C12000BDE8F08FBCBF5346A2463046DAF8041093
:10C13000BABF1C4601250025FFF742FD024618B98B
:10C1400040F24521324BE3E7C56000F11405AB46F0
:10C150004FF0000CDAF8107026690AF1140904F1A6
:10C16000140E0AF1100309EB87080EEB8606019303
:10C17000019B5EF8040B53F804AF81B201931FFAE0
:10C180008AF35B1A000C6344C0EB1A4000EB2340B7
:10C190009BB243EA004376454FEA204C4BF8043B00
:10C1A000E6D8331B153B153423F00303A64238BFF2
:10C1B0000023E8184B441C1D26460430A5EB090556
:10C1C000464506EB050E0ED308F10301091B21F0CD
:10C1D00003010133984538BF0021014451F8043D63
:10C1E000A3B117619AE7E24656F8041B1FFA81FCD7
:10C1F000D4444FEA1149514409EB2C4989B241EA30
:10C2000009414FEA294CCEF80010D9E7013FE5E794
:10C210000C0701081D0701082DE973430121904611
:10C220009946089EFFF7CCFC044630B9024640F21E
:10C230000F31234B234800F037FCC9F30A55C9F3EB
:10C2400013030DB143F480130193B8F1000324D01C
:10C2500068460093FFF779FD0099E0B1019AC0F1BB
:10C26000200302FA03F30B43C24063610192019B76
:10C27000002B0CBF01220222A3612261ADB1A5F205
:10C28000334505443560C0F13500099B18602046F0
:10C2900002B0BDE870836161E9E701A8FFF755FDD1
:10C2A000019B012263612030E7E7A0F2324004EBFA
:10C2B000820330601869FFF729FDC0EB4210E4E704
:10C2C0000C0701081D0701082DE9F0471F468E687D
:10C2D0008246BE420C469046334653D8B1F90C0014
:10C2E00010F4906F2BD065692368096905EB45054B
:10C2F000A3EB010905EBD5757B1C6D104B44AB42DC
:10C300002A4684BF1D462A46430527D51146504676
:10C31000FFF7CAFB064658B34A46216900F0B6FB50
:10C32000A38923F4906343F08003A38126614E44E4
:10C3300026603B463E466561A5EB0905A5601F46A4
:10C340003A464146206800F056FB0020A3689B1B3C
:10C35000A36023683B442360BDE8F087504600F0AB
:10C36000E7FB06460028E1D150462169FFF72AFB8A
:10C370000C23CAF80030A3894FF0FF3043F040038C
:10C38000A381E9E73E46DBE72DE9F0471F468B89AD
:10C3900006461B060D4614469CB010D50B6973B9B2
:10C3A0004021FFF781FB2860286130B90C233360FE
:10C3B0004FF0FF301CB0BDE8F08740236B610023D5
:10C3C000099320238DF8293030234FF0010803977B
:10C3D000644F8DF82A302346994613F8012B0AB191
:10C3E000252AF9D1B9EB040A0BD053462246294637
:10C3F0003046FFF769FF013000F0A480099A5244EB
:10C40000099299F80030002B00F09C8000234FF037
:10C41000FF32CDE9052309F10109049307938DF853
:10C4200053301A934C46052214F8011B4D48FEF771
:10C430004AFC049BD0B9D80644BF20228DF8532073
:10C44000190744BF2B228DF8532099F800202A2A7F
:10C4500013D04C4600204FF00A0C079A214611F8E1
:10C46000013B303B092B49D968B913E0C01B08FADE
:10C4700000F01843A1460490D4E7039A111D1268F6
:10C480000391002A01DB079204E0524243F00203C9
:10C490000792049323782E2B0AD163782A2B32D16A
:10C4A000039B02341A1D1B68039243EAE37305934E
:10C4B000DFF8B490032248462178FEF704FC38B137
:10C4C0004022049BA0EB09008240134301340493F3
:10C4D00014F8011B062225488DF82810FEF7F3FBFF
:10C4E000002835D0224818BB039B073323F00703ED
:10C4F00008330393099B034409936CE70C4601201E
:10C500000CFB0232AAE700234FF00A0C1946013453
:10C510000593204610F8012B303A092A03D9002B45
:10C52000C6D00591C4E7044601230CFB0121F0E7C6
:10C5300003AB00932A4630460E4B04A9FDF744FD99
:10C54000421CD7D1AB895B063FF532AF099831E782
:10C5500003AB00932A463046064B04A9FDF7D2FFF1
:10C56000EEE700BF760701087C0701088007010895
:10C57000C99F0008C9C20008936810B4013B002B92
:10C58000936007DA9469A34201DB0A2902D110BC47
:10C59000FEF778BA1368581C10601970084610BC72
:10C5A0007047F8B506460F461446D518AC4201D17F
:10C5B000002007E03A46304614F8011BFFF7DCFF85
:10C5C000431CF3D1F8BD00002DE9F0470D46144699
:10C5D0001F4606469CB018B1036A0BB9FEF746F930
:10C5E0006B6ED90705D4AB899A0502D4A86DFEF706
:10C5F00068FBAB891B0701D52B699BB929463046DF
:10C60000FEF77EFA70B16B6EDC0704D54FF0FF3099
:10C610001CB0BDE8F087AB899805F7D4A86DFEF78C
:10C6200051FBF3E70023099320238DF829303023B1
:10C630004FF001080397694F8DF82A302346994639
:10C6400013F8012B0AB1252AF9D1B9EB040A0BD052
:10C650005346224629463046FFF7A3FF013000F03B
:10C66000A480099A5244099299F80030002B00F0F6
:10C670009C8000234FF0FF32CDE9052309F1010929
:10C68000049307938DF853301A934C46052214F8FF
:10C69000011B5248FEF717FB049BD0B9D90644BFD3
:10C6A00020228DF853201A0744BF2B228DF85320E7
:10C6B00099F800202A2A13D04C4600204FF00A0C8B
:10C6C000079A214611F8013B303B092B49D968B93B
:10C6D00013E0C01B08FA00F01843A1460490D4E709
:10C6E000039A111D12680391002A01DB079204E0EE
:10C6F000524243F002030792049323782E2B0AD16F
:10C7000063782A2B32D1039B02341A1D1B680392D3
:10C7100043EAE3730593DFF8C89003224846217883
:10C72000FEF7D1FA38B14022049BA0EB0900824009
:10C7300013430134049314F8011B062229488DF891
:10C740002810FEF7C0FA00283ED0274818BB039BEC
:10C75000073323F0070308330393099B034409932A
:10C760006CE70C4601200CFB0232AAE700234FF0D5
:10C770000A0C194601340593204610F8012B303A73
:10C78000092A03D9002BC6D00591C4E7044601232A
:10C790000CFB0121F0E703AB00932A463046134B14
:10C7A00004A9FDF711FC431CD7D16B6ED90705D442
:10C7B000AB899A0502D4A86DFEF784FAAB895B06B3
:10C7C0003FF524AF099823E703AB00932A46304690
:10C7D000064B04A9FDF796FEE5E700BF76070108C2
:10C7E0007C07010880070108C99F0008A3C500084D
:10C7F000B1F90C20F8B5160705460C4651D44B6824
:10C80000002B02DC0B6C002B49DDE66A002E46D0C3
:10C81000002312F480522F682B6031D0626DA389FF
:10C82000590705D56368D21A636B0BB1236CD21A12
:10C8300000232846E66A216AB047421CB4F90C304E
:10C8400006D129681D2945D8274ACA40D60741D5AF
:10C85000002262602269D904226004D5421C01D101
:10C860002B6803B96065616B2F60C1B104F14403AB
:10C87000994202D02846FFF7A5F8002363630EE033
:10C8800001232846216AB0470246501CC7D12B68B5
:10C89000002BC4D01D2B01D0162B19D12F600020E6
:10C8A0001DE00F69002FFAD0930718BF00230E6810
:10C8B00008BF4B69F61B0F608B60002EEFDD33461F
:10C8C0003A462846216AD4F828C0E047002807DC09
:10C8D000B4F90C304FF0FF3043F04003A381F8BDB2
:10C8E0000744361AE9E700BF0100402038B50B695C
:10C8F00005460C4613B90025284638BD18B1036A11
:10C900000BB9FDF7B3FFB4F90C30002BF3D0626E16
:10C91000D00704D4990502D4A06DFEF7D2F92846B9
:10C920002146FFF765FF636E0546DA07E4D4A38965
:10C930009B05E1D4A06DFEF7C5F9DDE770B50C46A7
:10C94000B1F90E10154600291E4696B00ADAA189E3
:10C9500011F0800113D14FF48062002031602A6011
:10C9600016B070BD6A4600F05FF80028EFDB019951
:10C9700001F47041A1F5005359425941EBE7002100
:10C980004022EAE78B8973B59E0705460C4607D51A
:10C9900004F14703236023610123636102B070BD8A
:10C9A00001AB6A46FFF7CAFF009E28463146FFF7F3
:10C9B0007BF8B4F90C3038B99A05EFD423F00303AF
:10C9C00043F00203A381E3E743F08003A381019BCB
:10C9D000C4E904062060002BE0D02846B4F90E100C
:10C9E00000F034F80028D9D0A38923F0030343F0E2
:10C9F0000103A381D2E7884210B501EB020402D9FA
:10CA00008442234607D8431EA14207D011F8012BC8
:10CA100003F8012FF8E70244824200D110BD13F859
:10CA2000011D02F8011DF7E738B50023064D044645
:10CA3000084611462B60FDF7CDF9431C02D12B6847
:10CA400003B1236038BD00BF9C06002038B5002329
:10CA5000054D044608462B60FDF7CBF9431C02D177
:10CA60002B6803B1236038BD9C06002038B5002335
:10CA7000054D044608462B60FDF7D2F9431C02D150
:10CA80002B6803B1236038BD9C0600200A44914204
:10CA900000F1FF3300D1704710B511F8014B9142FE
:10CAA00003F8014FF9D110BD1FB514461A46094BC2
:10CAB00005461B68D8684CB1074BCDE9013400919D
:10CAC0002B46064900F070F800F080F8044B1C4635
:10CAD000F3E700BF84000020910701089E070108CA
:10CAE000CC07010870B5A1FB025434B92946FEF702
:10CAF000DBFF064628B9304670BD0C2200260260D6
:10CB0000F9E72A462146FEF75FF8F4E782B001B95B
:10CB100001A942B14BB113780B601278101E18BFF7
:10CB2000012002B070471046FBE76FF00100F8E704
:10CB30002DE9F041074614460D4621B91146BDE8DE
:10CB4000F041FEF7B1BF2AB9FEF73CFF2546284663
:10CB5000BDE8F08100F041F88442064602D8B4EB0B
:10CB6000500FF4D821463846FEF79EFF804608B99C
:10CB70004546ECE7B4422246294628BF3246FFF735
:10CB800085FF29463846FEF71DFFF1E703460846B4
:10CB900041B1FF2A04D98A224FF0FF301A60704752
:10CBA00001200A70704700000EB403B5014603ABC4
:10CBB000054853F8042B00680193FFF705FD02B008
:10CBC0005DF804EB03B0704784000020062008B530
:10CBD00000F034F80120FDF7CAF851F8043C181FA2
:10CBE000002BBCBF0B58C01870471F2938B505462D
:10CBF0000C4604D9162303604FF0FF3038BDC26BDA
:10CC000012B152F821304BB9284600F031F82246D3
:10CC100001462846BDE8384000F018B8012B0AD07C
:10CC2000591C03D1162303600120E7E700212046A9
:10CC300042F8241098470020E0E70000024B01462C
:10CC40001868FFF7D2BF00BF8400002038B500236A
:10CC5000064D0446084611462B60FDF778F8431C44
:10CC600002D12B6803B1236038BD00BF9C060020B1
:10CC7000FDF766B8F8B504460D4600F041FA2246C5
:10CC800006460F462B4620462946F3F7CFFE40B90D
:10CC90002046294600F018F80022084BF3F7BCFEA6
:10CCA00010B930463946F8BDFDF7E0FF21220346B2
:10CCB00003481A60BDE8F84000F07AB80000F03F81
:10CCC000D409010800F040BC21F000431946704728
:10CCD000F0B520F00043B3F1FF4F0146044683B0A6
:10CCE0000BD32F4B002918681C6833DBF4F7EEF8E0
:10CCF0002146F3F72FFF03B0F0BD2A4A93420BD928
:10CD0000274A294B10681968F3F722FF002CB8BF97
:10CD100000F1004003B0F0BDB3F1105F21D3B3F1D7
:10CD20007E5F27D3214D00F077FE2968F4F71AF8CB
:10CD300000F044F81A4B01461E682F682868F3F784
:10CD400009FF01463846F4F7C1F801463046F3F7CB
:10CD5000FFFEDBE7F4F7BAF82146F3F7F9FE03B07C
:10CD6000F0BD0F4B01901868F3F7F4FE0199F3F74B
:10CD7000F9FFC0E70D4E356800F04EFE014605F1A3
:10CD80000040F3F7EFFF00F019F80146306801F1B9
:10CD90000045F3F7DFFE01462846F4F797F8B5E7BC
:10CDA000E0090108FFFFAF41D8090108DC090108CB
:10CDB00000200149704700BF0000F87FAC4A2DE910
:10CDC000F84320F000439342044600F0004535D973
:10CDD000B3F1FF4F00F2BB8000F02381002D40F043
:10CDE000BB80A44A934200F23E81A349F3F7BAFF05
:10CDF00001464FF07C50F3F7ADFEF4F779F90646A3
:10CE0000F3F75CFF9D490746F3F7ACFF0146204668
:10CE1000F3F79EFE9A4905463846F3F7A3FF074607
:10CE200039462846F3F794FE044628462146F3F790
:10CE30008FFE3946F3F78CFE804607E0914A934215
:10CE400078D8B3F14C5FC0F0BA8000264FF07C5127
:10CE50002046F3F787FF074620463946F3F782FF5F
:10CE600005468949F3F77EFF8849F3F773FE2946A3
:10CE7000F3F778FF8649F3F76BFE2946F3F772FF65
:10CE80008449F3F767FE2946F3F76CFF8249F3F70D
:10CE90005FFE2946F3F766FF4FF07E51F3F75AFE27
:10CEA000814638464946F3F75DFF01467B48F3F774
:10CEB0004FFE074648463946F3F74AFE39460746CD
:10CEC0002046F3F74FFF01467548F3F741FE014650
:10CED0003846F3F7FBFF2946F3F744FF0146002EDF
:10CEE00061D04146F3F734FE2146F3F73BFF41465C
:10CEF000F3F72EFE2946F3F72BFE731C054600F0D0
:10CF00008380012E67D0731C392B4FEAC6553CD85D
:10CF1000162E00F38A804FF08073214643FA06F400
:10CF2000F3F716FEC4F17E5401462046F3F710FED7
:10CF300028440FE05B4A93421ED85049002D5DD033
:10CF4000F3F708FE4FF0FF360546574F68E70146F6
:10CF5000F3F700FEBDE8F8835449F3F7FBFD002129
:10CF6000F4F79EF800285ED143492046F3F7FAFE15
:10CF700001464FF03F403EE73F49F3F7F3FE0146DD
:10CF8000002D6DD04FF03F4035E72146F3F7E0FD2F
:10CF900001464FF07E50F3F7DBFD4FF07E51284401
:10CFA000F3F7D6FDD6E72046F3F7DCFE2946F3F784
:10CFB000CFFD01462046F3F7CBFDBDE8F8833C49A1
:10CFC000F3F7C8FD0146F3F7C3FD01462046F3F72A
:10CFD000BFFDBDE8F88320463649F4F761F898B301
:10CFE00020464FF07C51F3F7B5FD01462846F3F794
:10CFF000AFFD4FF04041F3F7B5FEABE7F3F7A8FD07
:10D00000012605461E4F0BE701462046F3F7A0FD1B
:10D010004FF07C51F3F7A6FE4FF07C51F3F798FDEB
:10D0200098E7002D96D0244894E7C6F17F01C90502
:10D03000F3F790FD01462046F3F78AFD4FF07E514D
:10D04000F3F788FD284485E729462046F3F780FD5D
:10D050000146F3F77FFD4FF07E51F3F77BFD79E753
:10D060004FF07C50C7E62846BDE8F84300F044B8CE
:10D0700043B895411772B1423BAAB83F8071313F26
:10D08000D1F717371872B13EBBED57B4547E8636D0
:10D09000CD70A638010DD03A8988083D0000404087
:10D0A0000000C0409115853FD1F717B76042A20D2F
:10D0B000CAF24971000080BE000080BF38B5054645
:10D0C0000C46FDF7D3FD034628461C6038BD00BF63
:10D0D00008B540B101F10040F3F744FEBDE8084057
:10D0E0002221FFF7EBBF0846F3F73CFEBDE80840FE
:10D0F0002221FFF7E3BF00BF4FF0E041FFF7E8BF99
:10D100002DE9F04FBC4B21F0004A9A4504460D46EC
:10D1100083B012D90AF1404A0AF5801A5AEA000A85
:10D1200000F0FD8002460B46F3F72EF802460B4650
:10D13000F3F70CFB03B0BDE8F08FB04B8B469A457C
:10D140000FD8BAF1795F80F061818FA3D3E9002312
:10D15000F3F71CF80022AA4BF3F75EFC002840F01E
:10D16000108120462946FFF7AFFD02460B460020FE
:10D17000A349F3F709F80022A24BF3F7BDF984A302
:10D18000D3E9002304460D46F3F7B6F982A3D3E9A9
:10D190000023F2F7FBFF22462B46F3F7ADF980A3FD
:10D1A000D3E90023F2F7F0FF22462B46F3F7A4F968
:10D1B0007DA3D3E90023F2F7E9FF22462B46F3F7DC
:10D1C0009BF97BA3D3E90023F2F7DEFF22462B462F
:10D1D000F3F792F978A3D3E90023F2F7D7FF2246B9
:10D1E0002B46F3F789F976A3D3E90023CDE90001B3
:10D1F00020462946F3F780F973A3D3E90023F2F719
:10D20000C3FF22462B46F3F777F971A3D3E9002336
:10D21000F2F7BCFF22462B46F3F76EF96EA3D3E973
:10D220000023F2F7B1FF22462B46F3F765F90022FF
:10D23000734BF2F7ABFF06460F462046294600F037
:10D24000EFFB3B4680468946DDE900013246F3F7B5
:10D250007DFA6D4B46469A454F46CDE9000175D89B
:10D2600032464B4630464946F2F790FFDDE900234F
:10D27000F3F742F94FF00008CDE9000142464B4672
:10D2800040464946F3F738F902460B462046294600
:10D29000F2F77AFF424604460D464B463046494671
:10D2A000F2F774FF02460B4620462946F3F74EFA82
:10D2B00002460B46F2F76AFF02460B4648A1D1E947
:10D2C0000001F2F761FF02460B46DDE90001F2F7CB
:10D2D0005BFF424604460D464B4640463946F2F750
:10D2E00055FF02460B4640A1D1E90001F2F74CFF81
:10D2F00002460B4620462946F2F746FF02460B46F9
:10D3000039A1D1E90001F2F73FFFBBF1000F3FF770
:10D3100011AF01F10043194603B0BDE8F08F34A30B
:10D32000D3E90023F3F7E8F82DA3D3E90023064659
:10D330000F4620462946F3F7DFF802460B463046F3
:10D340003946F2F723FF03B0BDE8F08F02460B46E3
:10D3500040464946F3F7D0F842464B46F2F716FFEF
:10D3600002460B46F2F712FF1DA3D3E90023F2F7A2
:10D370000BFF02460B461EA1D1E90001F2F704FFA4
:10D38000C3E720462946D5E69C7500883CE4377EF5
:10D3900009F7FD0DE13D023F88B20175E0EF493F1D
:10D3A0003B8F68B52882A43F5544880E55C1C93FBC
:10D3B0007D6FEB0312D6D43F555555555555C53F96
:10D3C00082922EB1C5B8B33F59018D1B6C06E63F62
:10D3D000C88A599CE52A00404B2D8A1C273A0340F5
:10D3E000075C143326A6913C182D4454FB21E93FD9
:10D3F000182D4454FB21F93FFFFFEF3FFFFFDF3FB4
:10D400000000F03F0000E03F3233EF3F02460B46A2
:10D41000F3F772F836A3D3E9002306460F46F3F775
:10D420006BF835A3D3E90023F2F7B0FE32463B4652
:10D43000F3F762F832A3D3E90023F2F7A5FE3246F0
:10D440003B46F3F759F830A3D3E90023F2F79EFEE9
:10D4500032463B46F3F750F82DA3D3E90023F2F709
:10D4600093FE32463B46F3F747F82BA3D3E900235C
:10D47000F2F78CFE32463B46F3F73EF828A3D3E999
:10D4800000238046894630463946F3F735F826A30F
:10D49000D3E90023F2F778FE32463B46F3F72CF847
:10D4A00023A3D3E90023F2F771FE32463B46F3F79C
:10D4B00023F821A3D3E90023F2F766FE32463B4668
:10D4C000F3F71AF800221E4BF2F760FE02460B46F5
:10D4D00040464946F3F73AF922462B46F3F70CF853
:10D4E00022462B46F2F752FE03B0BDE8F08F00BF94
:10D4F00009F7FD0DE13D023F88B20175E0EF493FBC
:10D500003B8F68B52882A43F5544880E55C1C93F5A
:10D510007D6FEB0312D6D43F555555555555C53F34
:10D5200082922EB1C5B8B33F59018D1B6C06E63F00
:10D53000C88A599CE52A00404B2D8A1C273A034093
:10D540000000F03F000000002DE9F84F99465342DB
:10D550005F4F134329F0004E4EEAD373BB4204469B
:10D560000D4690463DD84642064321F0004A4AEA1D
:10D57000D676BE4203468B4633D809F1404606F5BF
:10D58000801616433DD04FEAA97606F0020653EA0C
:10D590000A0346EAD1762CD052EA0E0235D0BE45B7
:10D5A00046D0BA4531D0AAEB0E0ABAF1747F4FEAE1
:10D5B0002A5339DAB9F1000F46DA3C3344DA002055
:10D5C0000021012E58D0022E49D086B134A3D3E9D0
:10D5D0000023F2F7D9FD34A3D3E90023F2F7D4FDF9
:10D5E00005E022462B4640464946F2F7CFFDBDE80E
:10D5F000F88F022E10D0032EF9D12DA1D1E9000110
:10D60000F5E7BDE8F84F00F06BB8BBF1000F07DBA2
:10D6100029A1D1E90001EAE723A1D1E90001E6E768
:10D6200027A1D1E90001E2E723A1D1E90001C8E780
:10D63000F24506F1FF3623D0022E29D8254B03EB05
:10D64000C603D3E90001D2E742464B4620462946AD
:10D65000F3F77CF8FFF738FB00F042F8B1E710A3CE
:10D66000D3E90023F2F790FD02460B460EA1D1E963
:10D670000001F2F789FDBAE701F100431946B6E768
:10D68000022E08D8144B03EBC603D3E90001AEE722
:10D6900000200021ABE70CA1D1E90001A7E700BF02
:10D6A000075C143326A6A13C182D4454FB210940E5
:10D6B000182D4454FB2109C0182D4454FB21F93F77
:10D6C000182D4454FB21F9BF182D4454FB21E93F88
:10D6D0000000F07FE8090108000A010800000000CE
:10D6E0002DE9F84FC24B21F000469E4204460D46FC
:10D6F0008A460ED9BF4B9E4200F2B18000F0AC804A
:10D70000BAF1000F40F3EB809DA1D1E90001BDE823
:10D71000F88FB94B9E4200F2B980A3F1DE739E42AE
:10D7200040F2A5804FF0FF3B22462B46204629467B
:10D73000F2F7E2FE02460B4680468946F2F7DCFE2F
:10D7400091A3D3E9002306460F46F2F7D5FE90A336
:10D75000D3E90023F2F71AFD32463B46F2F7CCFE3E
:10D760008DA3D3E90023F2F711FD32463B46F2F7D1
:10D77000C3FE8BA3D3E90023F2F708FD32463B46F4
:10D78000F2F7BAFE88A3D3E90023F2F7FFFC324692
:10D790003B46F2F7B1FE86A3D3E90023F2F7F6FC8D
:10D7A00042464B46F2F7A8FE83A3D3E90023804606
:10D7B000894630463946F2F79FFE81A3D3E900231C
:10D7C000F2F7E2FC32463B46F2F796FE7EA3D3E93F
:10D7D0000023F2F7D9FC32463B46F2F78DFE7CA3DC
:10D7E000D3E90023F2F7D0FC32463B46F2F784FE41
:10D7F00079A3D3E90023F2F7C7FC32463B46F2F7A0
:10D800007BFE02460B4640464946F2F7BFFC2246E5
:10D810002B46F2F771FEBBF1FF3F02460B4663D089
:10D82000764B774E03EBCB03D3E90023F2F7ACFC46
:10D8300022462B46F2F7A8FC06EBCB0602460B4627
:10D84000D6E90001F2F7A0FCBAF1000F0DDA01F100
:10D8500000431946BDE8F88F00283FF451AF224637
:10D860002B4620462946F2F791FCBDE8F88F5CA3D1
:10D87000D3E90023F2F78AFC0022624BF3F7CCF8DD
:10D8800000283FF44FAF20462946EEE7FFF71CFA89
:10D890005D4B04469E420D462CD8A3F550239E4274
:10D8A00053D802460B46F2F771FC0022554BF2F7B3
:10D8B0006BFC02460B462046294614461D460022B4
:10D8C0004FF08043F2F762FC02460B4620462946A1
:10D8D000F2F73CFF4FF0000B04460D4624E742A14F
:10D8E000D1E90001BDE8F88F20462946F2F74CFC4B
:10D8F000BDE8F88F454B9E421CD20022444BF2F704
:10D9000043FC02460B462046294614461D4600228B
:10D910003F4BF2F7F1FD00223A4BF2F737FC02469B
:10D920000B4620462946F2F711FF4FF0020B044642
:10D930000D46F9E602460B4600203649F2F706FF8F
:10D940004FF0030B04460D46EEE600222D4BF2F796
:10D950001BFC02460B462046294614461D46002263
:10D96000284BF2F713FC02460B4620462946F2F7F5
:10D97000EDFE4FF0010B04460D46D5E6AFF30080F7
:10D98000182D4454FB21F93F11DA22E33AAD903FC0
:10D99000EB0D76244B7BA93F513DD0A0660DB13FE6
:10D9A0006E204CC5CD45B73FFF8300922449C23F4E
:10D9B0000D5555555555D53F2F6C6A2C44B4A2BF13
:10D9C0009AFDDE522DDEAD3F6D9A74AFF2B0B33FDB
:10D9D000711623FEC671BC3FC4EB98999999C93F53
:10D9E0009C7500883CE4377E182D4454FB21F9BF18
:10D9F000FFFF0F440000F07FFFFFDB3F180A010824
:10DA0000380A01080000F03FFFFFF23F00800340AA
:10DA10000000F83F0000F0BF20F00040704700BF5A
:10DA2000734A2DE9F84F8A4306460F4600F0AC8052
:10DA300000290C46034655DD081562D0C4F31302D5
:10DA4000C107A0F2FF3742F4801203D4520002EB68
:10DA5000D3725B00002616244FF40011B446520026
:10DA600002EBD3727F105B000CEB010090424FEA97
:10DA7000D3754FEA430303DC00EB010C121A0E448A
:10DA8000013C05EB42024FEA5101EDD120254FF058
:10DA90000040A0460AE043D0510001EBD371013DA4
:10DAA0000A464FEA43034FEA500045D0624500EB77
:10DAB000080EF0DDBEF1000F0EEB00080CDBE146B6
:10DAC000A2EB0C01CC469E4588BF01F1FF31490015
:10DAD000A3EB0E030444E0E7B8F1000FEFDB0CF119
:10DAE0000109EDE721F00042024344D000296ED144
:10DAF000DA0A153C5B05002AFAD0D602204673D418
:10DB0000144600226400E502114602F10102F9D533
:10DB1000C2F1200523FA05F52C439340401A8DE706
:10DB20009E4502D94FEA4C01B7E7BEF1000F0EEB5C
:10DB3000000822DB0021CBE7194312D0DFF8B4A0A4
:10DB4000DFF8B4B0DAE90001DBE90023F2F71CFBEF
:10DB5000DAE9008902460B4640464946F2F748FF9B
:10DB6000E0B96508731003F17F5303F5001303EB6D
:10DB7000075145EAC670BDE8F88FB8F1000FD9DB50
:10DB800000210CF1010CA3E702460B46F2F7B4FCAE
:10DB900032463B46F2F7FAFABDE8F88FB4F1FF3FA0
:10DBA000DAE90001DBE900231AD0DAE90089F2F7AB
:10DBB000EDFA02460B4640464946F2F70FFF88B1A0
:10DBC000A31C04F1020508BF01366D08CAE702462E
:10DBD0000B46F2F7D9FA02460B46F2F7B7FDCAE751
:10DBE0000136BFE70134BCE74FF0FF31144695E73B
:10DBF0000000F07F600A0108580A0108F8B500BF6C
:10DC0000F8BC08BC9E467047F8B500BFF8BC08BC1D
:04DC10009E46704775
:10DC1800FFE6DB2E0000000000000000FFE6DB2E20
:10DC2800B4EDCEF3A3BABED8D5F3B5C4B3DFB4E729
:10DC3800B2BBB6D4A3A10000556E737570706F7235
:10DC480074656420736F6674776172652070726F93
:10DC580064756374207265762025642E0A000000BE
:10DC680050726F6475637420494420726561642042
:10DC78006173203020696E64696361746573206420
:10DC880065766963652069732065697468657220C3
:10DC9800696E636F6D70617469626C65206F722064
:10DCA800616E204D5055333035302E0D0000000088
:10DCB80048616C662073656E7369746976697479F6
:10DCC800207061727420666F756E642E0D000000FE
:10DCD8004CCD6C000CC92C003656760026466600E2
:10DCE800FEF2ABC4AAF1DFDFBBAFDFDFB8AAB38DAA
:10DCF800B4980D355D000000B8AAAAAAB088C3C5BB
:10DD0800C7000000D8B1B9F38BA391B609B4D90004
:10DD1800DAB1B9F38BA391B6DAB4DA006D70755F36
:10DD28007365745F73656E736F7220636F6D706C6B
:10DD3800657465202E2E2E2E2E2E0D006D70755FAB
:10DD4800636F6E6669677572655F6669666F206383
:10DD58006F6D706C657465202E2E2E2E2E2E0D0084
:10DD68006D70755F7365745F73616D706C655F72FC
:10DD780061746520636F6D706C657465202E2E2E3E
:10DD88002E2E2E0D00000000646D705F6C6F6164B4
:10DD98005F6D6F74696F6E5F6472697665725F66D6
:10DDA80069726D7761726520636F6D706C657465FB
:10DDB800202E2E2E2E2E2E0D00000000646D705F7A
:10DDC8007365745F6F7269656E746174696F6E20D4
:10DDD800636F6D706C657465202E2E2E2E2E2E0DA1
:10DDE80000000000646D705F656E61626C655F665F
:10DDF80065617475726520636F6D706C65746520FC
:10DE08002E2E2E2E2E2E0D00646D705F7365745F9E
:10DE18006669666F5F7261746520636F6D706C65AB
:10DE28007465202E2E2E2E2E2E0D00006D70755F1F
:10DE38007365745F646D705F737461746520636F7C
:10DE48006D706C657465202E2E2E2E2E2E0D000002
:10DE58006F6C656420696E6974207375636365739C
:10DE6800732100003D3D3D20526F626F745F556E17
:10DE78006966696520496E697469616C69736520B2
:10DE88003D3D3D0D00000000436F6E74726F6C6580
:10DE98007572204163746966203A20524C2D5341B3
:10DEA80043200D004D6F64653A20524C2D53414379
:10DEB80000000000436F6E74726F6C6520416374DC
:10DEC80069662100416E676C65203A20252E32660E
:10DED80020646567200000004261742020203A20F9
:10DEE800252E326620562020200000000000803FAA
:10DEF80000000000000000000000803F0000803F9C
:10DF080000000000000000000000803F68000004DE
:10DF180076005401F7FD000175191A0C6A231B1CC1
:10DF28001F207274433B4138393A6B6C376F0624B3
:10DF38006D6E7000830000000008000000010018EA
:10DF480032000500000020410000D242295C0F3E4B
:10DF58009A99993E3333733F295C0F3E0000700055
:10DF680000000024000000020003000000650054C7
:10DF7800FFEF0000FA80000B12820001030C30C38F
:10DF88000E8C8CE914D5400213710F8E3883F883F8
:10DF98003000F883258EF8833000F883FFFFFFFFF9
:10DFA8000FFEA9D6240004001A8279A10000003CC3
:10DFB800FFFF00000010000038836FA2003E03300E
:10DFC8004000000002CAE3093E8000002000000073
:10DFD800000000004000000060000000000C00008D
:10DFE800000C186E000006920A16C0DFFFFF0256EA
:10DFF800FD8CD377FFE1C496E0C5BEAA00000000FF
:10E00800FFFF0B2B000016570000035940000000CB
:10E0180000001DFA00026C1D000000003FFFDFEB4E
:10E02800003EB3B6000D227800002F3C000000002F
:10E03800001942B5000039A20000B365D90E9FC986
:10E048001DCF4C3430000000500000003BB67AE889
:10E058000064000000C8000000000000100000007C
:10E068001000FA921000225E000D229F00010000AD
:10E0780000320000FF46000063D4000010000000DA
:10E0880004D6000004CC000004CC0000000010728C
:10E098000000004000000000000000000006000230
:10E0A80000050007000000000064000000000000F8
:10E0B80000000005000500640020000000000000CA
:10E0C80000000000000040000000030000000032D3
:10E0D800F8980000FF650000830F0000FF9BFC001C
:10E0E8000000000000000000000000000000000028
:10E0F8000000000000000000000000000000000018
:10E1080000000000000000000000100040000000B7
:10E11800000000060000B26A000200000001FB8354
:10E128000068000000D9FC007CF1FF8300000000BB
:10E1380000650000006403E8006400280000002572
:10E148000000000016A000000000100000001000F1
:10E15800002F0000000001F400001000002800005B
:10E16800FFFF4581FFFFFA72000000000000000079
:10E17800004400050005BAC6004778A20000000167
:10E188000000000000000600000000140000254DFB
:10E19800002F706D000005AE000C02D000000000DA
:10E1A800000000000000000000000000001B00004C
:10E1B80000000000000000000000000000640000F3
:10E1C800000800000000000000000000000000003F
:10E1D8000000000000000000000000000000000037
:10E1E8000000000000000000000000000000000027
:10E1F8000000000000000000000000000000000017
:10E208000000000000000000000000000000000006
:10E21800000000000000000000000000001B0000DB
:10E228000000000000000000000E000E00000AC7F9
:10E238000004000000000032FFFFFF9C00000B2BD1
:10E24800000000020000000100000064FFE500007B
:10E2580000000000000000000000000000000001B5
:10E268000000000000010000000000000001800024
:10E278000001800000018000002426D30000000077
:10E2880000000000000600100096003C000000009E
:10E298000000000000000000000000000C0A4E68AA
:10E2A800CDCF770950166759C619CE8200000000F5
:10E2B8000000000000000000000000000000000056
:10E2C8000000000017D784000300000000000000D1
:10E2D80000000000C7938F9D1E1B1C190000000042
:10E2E8000000000000000000000000000000000026
:10E2F8000000000002031885000040000000000331
:10E3080000000003000000000000000040000000C2
:10E3180000000000000000000000000000000000F5
:10E3280000000000000000000000000000000000E5
:10E3380000000000000000000000000000000000D5
:10E34800677DDF7E72902E554CF6E688000000004F
:10E35800000000000000000000000000D8DCB4B895
:10E36800B0D8B9ABF3F8FAB3B7BB8E9EAEF132F5BD
:10E378001BF1B4B8B08097F1A9DFDFDFAADFDFDFD8
:10E38800F2AAC5CDC7A90CC92C97F1A9892646665A
:10E39800B28999A92D557DB0B08AA896365676F1DE
:10E3A800BAA3B4B280C0B8A89711B28398BAA3F040
:10E3B800240844106418B2B9B49883F1A329557D90
:10E3C800BAB5B1A38393F0002850F5B2B6AA8393E7
:10E3D80028547CF1B9A3829361BAA2DADEDFDB812B
:10E3E8009AB9AEF5606870F1DABAA2DFD9BAA2FAC2
:10E3F800B9A38292DB31BAA2D9BAA2F8DF85A4D038
:10E40800C1BBAD83C2C5C7B8A2DFDFDFBAA0DFDFFB
:10E41800DFD8D8F1B8AAB38DB4980D355DB2B6BAC5
:10E42800AF8C96198F9FA70E161EB49AB8AA872C80
:10E43800547CBAA4B08AB691325676B28494A4C8F1
:10E4480008CDD8B8B4B0F19982A82D557D98A80EFA
:10E45800161EA22C547C92A4F02C5078F184A89813
:10E46800C4CDFCD80DDBA8FC2DF3D9BAA6F8DABACE
:10E47800A6DED8BAB2B68696A6D0F3C841DAA6C840
:10E48800F8D8B0B4B882A892F52C548898F135D948
:10E49800F418D8F1A2D0F8F9A884D9C7DFF8F8831E
:10E4A800C5DADF69DF83C1D8F40114F1A8824EA868
:10E4B80084F311D182F5D992289788F109F41C1CAC
:10E4C800D884A8F3C0F9D1D99782F129F40DD8F3EB
:10E4D800F9F9D1D982F4C203D8DEDF1AD8F1A2FA49
:10E4E800F9A88498D9C7DFF8F8F883C7DADF69DFB5
:10E4F800F883C3D8F40114F198A8822EA884F311E4
:10E50800D182F5D992509788F109F41CD884A8F3E0
:10E51800C0F8F9D1D99782F149F40DD8F3F9F9D1B6
:10E52800D982F4C403D8DEDFD8F1AD8898CCA80925
:10E53800F9D98292A8F57CF1883ACF944A6E98DB93
:10E548006931DAADF2DEF9D88795A8F221D1DAA5DA
:10E55800F9F417D9F1AE8ED0C0C3AE82C684C3A871
:10E568008595C8A588F2C0F1F4010EF18E9EA8C663
:10E578003E56F554F18872F40115F19845856EF50B
:10E588008E9E0488F142985A8E9E068869F4011C72
:10E59800F1981E1108D0F504F11E9702029836254D
:10E5A800DBF9D985A5F3C1DA85A5F3DFD88595A868
:10E5B800F309DAA5FAD88292A8F578F1881A849F27
:10E5C80026889821DAF41DF3D8879F39D1AFD9DF8F
:10E5D800DFFBF9F40CF3D8FAD0F8DAF9F9D0DFD97F
:10E5E800F9D8F40BD8F3879F39D1AFD9DFDFF41D01
:10E5F800F3D8FAFCA869F9F9AFD0DADEFAD9F88FBE
:10E608009FA8F1CCF398DB45D9AFDFD0F8D8F18FCC
:10E618009FA8CAF38809DAAF8FCBF8D8F2AD978DE7
:10E628000CD9A5DFF9BAA6F3FAF412F2D8950DD1F0
:10E63800D9BAA6F3FADAA5F2C1BAA6F3DFD8F1BAC5
:10E64800B2B68696A6D0CAF349DAA6CBF8D8B0B443
:10E65800B8D8AD84F2C0DFF18FCBC3A8B2B6869626
:10E66800C8C1CBC3F3B0B48898A821DB718D9D7164
:10E67800859521D9ADF2FAD88597A828D9F408D874
:10E68800F28D29DAF405D9F285A4C2F2D8A88D94BE
:10E6980001D1D9F411F2D88721D8F40AD8F2849894
:10E6A800A8C801D1D9F411D8F3A4C8BBAFD0F2DE01
:10E6B800F8F8F8F8F8F8F8F8D8F1B8F6B5B9B08A73
:10E6C80095A3DE3CA3D9F8D85CA3D9F8D87CA3D904
:10E6D800F8D8F8F9D1A5D9DFDAFAD8B18530F7D961
:10E6E800DED8F830ADDADED8F2B48C99A32D557D9A
:10E6F800A083DFDFDFB591A0F629D9FBD8A0FC29DC
:10E70800D9FAD8A0D051D9F8D8FC51D9F9D879D9A3
:10E71800FBD8A0D0FC79D9FAD8A1F9F9F9F9F9A070
:10E72800DADFDFDFD8A1F8F8F8F8F8ACDEF8ADDE0C
:10E738008393AC2C547CF1A8DFDFDFF69D2CDAA0A4
:10E74800DFD9FADB2DF8D8A850DAA0D0DED9D0F876
:10E75800F8F8DB55F8D8A878DAA0D0DFD9D0FAF8DD
:10E76800F8F8F8DB7DF8D89CA88CF530DB38D9D0E0
:10E77800DEDFA0D0DEDFD8A848DB58D9DFD0DEA0A6
:10E78800DFD0DED8A868DB70D9DFDFA0DFDFD8F103
:10E79800A888902C547C98A8D05C38D1DAF2AE8C3A
:10E7A800DFF9D8B087A8C1C1B188A8C6F9F9DA36A7
:10E7B800D8A8F9DA36D8A8F9DA36D8A8F9DA36D8DE
:10E7C800A8F9DA36D8F78D9DADF818DAF2AEDFD8A9
:10E7D800F7ADFA30D9A4DEF9D8F2AEDEFAF983A79C
:10E7E800D9C3C5C7F1889BA77AADF7DEDFA4F88443
:10E7F8009408A797F300AEF29819A488C6A3948842
:10E80800F632DFF28393DB09D9F2AADFD8D8AEF863
:10E81800F9D1DAF3A4DEA7F1889B7AD8F38494AE11
:10E8280019F9DAAAF1DFD8A881C0C3C5C7A39283B2
:10E83800F628ADDED9F8D8A350ADD9F8D8A378AD6D
:10E84800D9F8D8F8F9D1A1DADEC3C5C7D8A181941F
:10E85800F818F2B089ACC3C5C7F1D8B8B4B0978678
:10E86800A8319B069907AB9728889BF00C20144089
:10E87800B0B4B8F0A88A9A285078B79BA8295179DB
:10E88800247059446938644831F1BBAB88002C5472
:10E898007CF0B38BB8A804285078F1B088B49726D8
:10E8A800A85998BBABB38B02264666B0B8F08A9CD1
:10E8B800A82951798B2951798A2470598B2058714C
:10E8C8008A4469388B3940688A6448318B3049609A
:10E8D80088F1AC002C547CF08CA804285078F1887E
:10E8E8009726A85998AC8C02264666F0899CA829D8
:10E8F8005179247059446938644831A988092059E4
:10E9080070AB11384069A8193148608CA83C415C4B
:10E91800207C00F187981986A86E767EA999882DA3
:10E92800557DD8B1B5B9A3DFDFDFAED0DFAAD0DE21
:10E93800F2ABF8F9D9B087C4AAF1DFDFBBAFDFDFEC
:10E94800B9D8B1F1A3978E60DFB084F2C8F8F9D9CD
:10E95800DED89385F14AB183A308B5839A0810B726
:10E968009F10D8F1B0BAAEB08AC2B2B68E9EF1FB93
:10E97800D9F41DD8F9D90CF1D8F8F8AD61D9AEFBA6
:10E98800D8F40CF1D8F8F8AD19D9AEFBDFD8F416E5
:10E99800F1D8F8AD8D61D9F4F4ACF59C9C8DDF2BE2
:10E9A800BAB6AEFAF8F40BD8F1AED0F8AD51DAAE8B
:10E9B800FAF8F1D8B9B1B6A3839C08B9B1839AB56E
:10E9C800AAC0FD3083B79F10B58B93F20202D1AB7A
:10E9D800DADED8F1B080BAABC0C3B284C1C3D8B153
:10E9E800B9F38BA391B609B4D9ABDEB0879CB9A3B0
:10E9F800DDF1B38B8B8B8B8BB087A3A3A3A3B28BD7
:10EA0800B69BF2A3A3A3A3A3A3A3A3A3A3F1B08735
:10EA1800B59AA3F39BA3A3DCBAACDFB9A3A3A3A3C2
:10EA2800A3A3A3A3A3A3A3A3A3A3A3A3D8D8D8BBF7
:10EA3800B3B7F1AAF9DAFFD9809AAA28B48098A7BF
:10EA480020B79787A86688F07951F1902C870CA792
:10EA580081976293F071716085940129517990A52D
:10EA6800F1284C6C870C95188578A38390284C6CFA
:10EA7800886CD8F3A28200F210A8921980A2F2D969
:10EA880026D8F188A84DD948D896A83980D93CD835
:10EA98009580A839A68698D92CDA87A72CD8A88972
:10EAA8009519A980D938D8A88939A980DA3CD8A875
:10EAB8002EA83990D90CD8A8953198D90CD8A8097E
:10EAC800D9FFD801DAFFD89539A9DA26FFD890A856
:10EAD8000D8999A810809821DA2ED88999A83180B3
:10EAE800DA2ED8A886963180DA2ED8A8873180DA2F
:10EAF8002ED8A88292F34180F1D92ED8A882F31992
:10EB080080F1D92ED882ACF3C0A28022F1A62EA71C
:10EB18002EA92298A829DAACDEFFD8A2F22AF1A9F8
:10EB28002E8292A8F23180A696F1D900AC8C9C0C6A
:10EB380030ACDED0DEFFD88C9CACD010ACDE80923E
:10EB4800A2F24C82A8F1CAF235F19688A6D900D86B
:10EB5800F1FF0000000000000000000000000000BD
:10EB6800000000000000000000100010001000105D
:10EB7800001000100000001000000000002800280D
:10EB88000028000000000000000000000000000055
:10EB980000240024007C00240048007C0048004831
:10EBA80000000000003800540050003800140054E1
:10EBB80000540038001000000020005400580030B5
:10EBC800002800540014000800000000001000286D
:10EBD80000280010003400480048003400000000FD
:10EBE80000100010001000000000000000000000ED
:10EBF8000000000000080010002000200020002075
:10EC08000020002000100008002000100008000864
:10EC18000008000800080008001000200010003854
:10EC280000100028000000000000000000000000A4
:10EC38000000000000100010007C00100010000010
:10EC480000000000000000000000000000000000BC
:10EC5800000000100010001000000000000000007C
:10EC68000000003800000000000000000000000064
:10EC7800000000000000000000000010000000007C
:10EC880000080008001000100010001000200020EC
:10EC980000000000003800440044005400440044D0
:10ECA8000044003800000000001000300050001040
:10ECB8000010001000100010000000000038004490
:10ECC80000440004000800100020007C0000000040
:10ECD8000038004400040018000400040044003810
:10ECE8000000000000080018002800280048007CE8
:10ECF8000008000800000000007C00400040007888
:10ED080000040004004400380000000000380044FB
:10ED1800004000780044004400440038000000002F
:10ED2800007C0004000800100010002000200020D3
:10ED3800000000000038004400440038004400444B
:10ED4800004400380000000000380044004400443B
:10ED5800003C0004004400380000000000000000EF
:10ED6800001000000000000000000010000000007B
:10ED7800000000000000001000000000000000106B
:10ED88000010001000000000000C003000400030AF
:10ED9800000C000000000000000000000000007CE3
:10EDA8000000007C000000000000000000000000DF
:10EDB8000060001800040018006000000000000057
:10EDC8000038004400040008001000100000001083
:10EDD8000000000000380044004C0054005C004073
:10EDE800004000380000000000100028002800281B
:10EDF8000028007C00440044000000000078004423
:10EE080000440078004400440044007800000000FA
:10EE180000380044004000400040004000440038F2
:10EE28000000000000700048004400440044004412
:10EE38000048007000000000007C00400040007C9A
:10EE4800004000400040007C00000000007C0040C2
:10EE580000400078004000400040004000000000F2
:10EE68000038004400400040005C00440044003882
:10EE780000000000004400440044007C00440044BA
:10EE8800004400440000000000380010001000108A
:10EE980000100010001000380000000000040004FA
:10EEA80000040004000400040044003800000000CE
:10EEB80000440048005000600050004800480044EA
:10EEC80000000000004000400040004000400040BA
:10EED8000040007C000000000044006C006C0054FE
:10EEE8000044004400440044000000000044006462
:10EEF800006400540054004C004C00440000000022
:10EF080000380044004400440044004400440038F1
:10EF180000000000007800440044004400780040ED
:10EF28000040004000000000003800440044004455
:10EF380000440044005400380004000000780044F5
:10EF480000440044007800480048004400000000E5
:10EF58000038004400400030000800040044003835
:10EF680000000000007C00100010001000100010CD
:10EF78000010001000000000004400440044004459
:10EF880000440044004400380000000000440044ED
:10EF9800004400280028002800100010000000008D
:10EFA80000440044005400540054006C0028002819
:10EFB800000000000044002800280010001000286D
:10EFC80000280044000000000044004400280028F5
:10EFD800001000100010001000000000007C000469
:10EFE80000080010001000200040007C0000000015
:10EFF8000018001000100010001000100010001081
:10F008000010001800200020001000100010001050
:10F018000008000800000000003000100010001078
:10F028000010001000100010001000300010002820
:10F03800002800440000000000000000000000005C
:10F0480000000000000000000000000000000000B8
:10F0580000FE00000020001000000000000000007A
:10F06800000000000000000000000000003800441C
:10F07800003C0044004C0034000000000040004008
:10F088000058006400440044006400580000000078
:10F0980000000000003800440040004000440038F0
:10F0A80000000000000400040034004C0044004448
:10F0B800004C00340000000000000000003800444C
:10F0C800007C00400044003800000000000C0010E4
:10F0D800007C00100010001000100010000000005C
:10F0E800000000000034004C00440044004C003490
:10F0F80000040078004000400058006400440044C8
:10F1080000440044000000000010000000700010DF
:10F118000010001000100010000000000010000097
:10F12800007000100010001000100010001000E027
:10F138000040004000480050006000500048004473
:10F1480000000000007000100010001000100010F7
:10F1580000100010000000000000000000780054BB
:10F168000054005400540054000000000000000047
:10F1780000580064004400440044004400000000BB
:10F1880000000000003800440044004400440038F7
:10F198000000000000000000005800640044004423
:10F1A8000064005800400040000000000034004C9B
:10F1B80000440044004C0034000400040000000037
:10F1C800005800640040004000400040000000007B
:10F1D80000000000003800440030000800440038F7
:10F1E80000000000002000200078002000200020FF
:10F1F8000020001800000000000000000044004447
:10F2080000440044004C00340000000000000000EE
:10F2180000440044002800280028001000000000D6
:10F2280000000000005400540054006C002800281E
:10F23800000000000000000000440028001000103A
:10F2480000280044000000000000000000440044C2
:10F2580000280028001000100010006000000000C6
:10F26800007C0008001000200040007C0000000026
:10F2780000180010001000100020002000100010DE
:10F2880000100018001000100010001000100010EE
:10F2980000100010001000100030001000100010C6
:10F2A80000080008001000100010003000000000E6
:10F2B80000000074004C0000000000000000000086
:10F2C8005929413E8DDF18C04541D1BF411BE7BEDA
:10F2D8000201BC3D96EC4BBEBC27963F3AC4C7BB67
:10F2E800FB08B5BEF8B3A13E53EA0A406B6F563E21
:10F2F8003A6D36BE520355BFC8F29BBF429665BEF3
:10F30800781844BE1881F13EFC725D3E24F4433EF9
:10F3180078A01EBF98EF074002EA2A3FAC02DC3E05
:10F32800C435223EF591893FADAC583EC0A58C3C12
:10F33800069C9DBE7F85EE3F9F75703FD0FD023FC6
:10F34800B6BC8CBF4D997CBEFCE509401FF4BA3DA4
:10F3580074A69B3F7A4C4B3FED441AC01A6233BEE9
:10F36800102F68BFBDA7D5BF270BB4BFCDDC1ABE11
:10F37800ED36DBBEAB12413F95A7A03D9DC5DC3DF8
:10F38800FE36313F4C51D93F0F58923F2EBD633E58
:10F39800A9B1223F7EB01A408219673F23917E3E71
:10F3A800FE0728BFC18764BF1171CCBF9D72A6BE7E
:10F3B80023559DBFB7BA59BEDCB68F3EDF74C5BCB6
:10F3C8003EFCC5BDCB862C40AB89B43FE398CD3E0F
:10F3D800721464BDC2CE47BEBE9F8D3F751A8D3C68
:10F3E800024D183F4B52044064FCA33F60864B3EDD
:10F3F800662616BFADD97CBDC8BA91BC2A81313DFD
:10F40800DAF79C3E35EEAB3C840DE3BFEC73E03D90
:10F4180023317DBCFBC55BBF7F81EABF03129CBE65
:10F428007032D63E083204BFBDF465BF79DA6FBDCD
:10F43800DA32513F4A29FE3F03B3AA3FCD98603ED6
:10F448008B7AC9BEA2BF85BF2E560ABEA7673FBD2D
:10F45800ABC1D0BE89CD15C04ADDC7BF1C53B6BEEF
:10F468009E28C33E2586ECBEC57CD4BEEA861D3FD9
:10F4780099E14D3FCBC39F3FF7E0363FEF1F633E17
:10F488006826643FABB2A23F5624B43DC88BA93D61
:10F49800552CA5BFBE9C923ED371043F943AA33D20
:10F4A800A81B8C3EF12C06C0E6F162C03C7818BF60
:10F4B80068789EBFFA1198BD81DF993E3EB46EBC54
:10F4C80061AD9E3D22AD2F3EB1D3393DBB8B823C11
:10F4D8004041F6BEED8F283EF8A2BC3EF2C5743E10
:10F4E8008DD2323E371B27BB56AEA93E6AA9D83DFE
:10F4F80039B277BE76B7343E3A3F51BEE0A505BF74
:10F50800351B183D043E7D3C7B6EF7BE4BA78E3EF7
:10F518002EA2A2BE2DEC96BE9C9073BF9CED51BE50
:10F52800AD1EB63EF0F97D3EE0F87DBEF1D0D7BE07
:10F538009762293DED392FBED479E3BECB7CCFBD90
:10F548000A86B93EB7A24C3EEF73EA3E6934AF3E35
:10F558003823B53A435FD3BF6F5C983E65EB533CA5
:10F568008DF780C0D2E3EEBFF48D26BF06C2C5BEBC
:10F57800597640BF6BC54CBD3E00353F8545BDBF84
:10F58800B794853E28BCDD3F7C1733C08747E93CEC
:10F5980073BD81BF5EF12FBEB1B8D8BF611D813B7D
:10F5A800C1C6493EE405263E296FB4BE8359073FCC
:10F5B800B71CB03D893B3B3ED487353FB94884BF33
:10F5C8007C6BE7BFE4D137BD744C87BF08A7A9BEE1
:10F5D800B587DEBC864F903E6713703EAEF2F53DB0
:10F5E800B7B64CBF76C1EDBD667312BE506F173FFC
:10F5F80085942BBE789A593E05C390BFBD8B1FBF1B
:10F60800F01F58BE567F3CBFFE2092BEE7A1103EB9
:10F618009E14053F512033BF2822903EBD4856BF57
:10F6280029125B3EDF6694BE28CB13BE392021BE6B
:10F63800271103BE35519DBD34D485BFE068B9BEDE
:10F64800817F27C052D1E7BFE095323E7BDBCEBE3B
:10F65800F25BB93DD799EC3DB07541C038F34CBE6B
:10F668006B87973E67CD17BCEB77813D773F32BFFD
:10F678001CC21ABF1887ED3E675958BE633C1C3F31
:10F68800BB18223EEABF49BD6B79A0BD4501DC3DF0
:10F6980051F6FCBE871F90BD0FEC90BF198BE83B5D
:10F6A800D3170A3E909C0CBE50FF57BE0B5BB73B6E
:10F6B8004BFB903F4DC813BE92EF49BEFB9D623F86
:10F6C80064D7AABD46F9553B0F99233E449CC43DD7
:10F6D800584D5FBC0400273D68CC763E6CFED03E9A
:10F6E80091442A3F7F8960C06C84543E455463BE70
:10F6F8004F6DCE3F9E142A3F48ABD43D589F3DBF27
:10F708006F6272C0FB8A52BF4A034CBF3623023F66
:10F71800C549F9BFADC952407A4718C0B342A8BF1E
:10F7280016ACC93E0A2F533E99FB463E3EAA4240BC
:10F73800E36B0AC0EFB3913FDD2BE3BF721178BFD3
:10F74800FFD1F33CBF581ABE87F7F7BDBCDC20BD1C
:10F75800438B4D3D8DD5A53C63707DBDF4096C3C54
:10F768001832CB3BE9E8EABDE5CAF5BDB9BFA9BD8A
:10F778008621EDBCB513223E4C3A0DBE15DF1D3E69
:10F7880010611DBE147119BEC926F03C7179D8BD2F
:10F79800277F0B3D2CE587BCF4A8383CE67FE5BD08
:10F7A800336F0BBE54FACB3D82CE1C3A54780D3ED3
:10F7B800D36036BE3A88793D5B49C2BCF375123EC8
:10F7C800E83832BDFE362D3E685DB13E09E2253E81
:10F7D800505EDC3C984C013F1FD3FF3B13854F3EE6
:10F7E8004D94A2BEBEE2A33E767DC3BD8C45F23EDB
:10F7F8008F39D8C0682980BEE16023C0DA35343F2C
:10F80800317AE83E7715DD3DD9C6343E34C4E7BBCE
:10F81800D6C5DABFB91C08C0CFE124BF906A8E3FB5
:10F828003C97D8BD931BDF3EDB15313ED2147AC01E
:10F838000248AEBC637419C0742539BEED9648C041
:10F84800256E78BFB36BF33DC8AE2D3E752630BE2E
:10F85800596FB93DE0F5523F336BF43E3FA7CC3EBC
:10F8680015B16C3F0FC50FBF9E334DBFE474A83E62
:10F87800A5C6A23F9446183FD7AB0DC08DBC47BF65
:10F88800D789E83B630DF03E82AFA8BFB52D6C3E2B
:10F898006915ABBF9AA1AFBD760019C0213147BF2A
:10F8A8007FEACA3C041261BFFFE8443F9A1CF03F5C
:10F8B8001069C7BE01B2053F6DB41A3F93E670C028
:10F8C8007FD36FBF23F91EBE22BB8C3D14A120BF7E
:10F8D8002AEC853DC50F9BBD6ED27FBD502C6C3E7A
:10F8E8001AD54FBF1A9D9CBBE0C891BF2CBD173ECF
:10F8F8002846B73B4A679A3B5BA4DC3D8FC430BFC0
:10F908006E46D33C2E5F923DE45EBE3EEE45ECBEB5
:10F91800A8ABC0BE71996CBD733903BFD69396BCB2
:10F92800F15C41BFF8601DC0C2D57ABD746886BF5E
:10F93800781707BEFCE15DBF197C94BC8BDB64BF04
:10F948000B81833E6DC1A13D6EEB493EC7D5BE3EDE
:10F9580017C6CC3DD98E08BE5E399F3D9357DF3D13
:10F96800869273BE28DC33BD7CFB643EF3C7843EBD
:10F97800620258C15B790EBF3E82323F7B43453FEE
:10F988001BDD023FE7A1853E7B15C7BFE71F603E31
:10F9980002F99C3ECE1BBFBFB0AC73BDB0F0A53E14
:10F9A800ADB4113E3764093F4A4458BED9CAB0C005
:10F9B8007C47323EF96D89BF6CCF7B3F5000363FA4
:10F9C8008E6DF43EC511ED3D998B6C3DC925C63E43
:10F9D80040BBC63D8E70F6BDBECC76BE1581EABD75
:10F9E80067C98BBE7DBD353FCD7CBD3E0F369C3D86
:10F9F800B4C9ECBF1E433BBF5FD8073F5785733F71
:10FA08003E15423F5C1BF33EAA5101408DC8E5BD3F
:10FA180057A33E3F6452CDBF9AAB363F57A8F5BEB9
:10FA28004AB977BDB68F033FF1B0A4BEC586C7C03B
:10FA38000D65EEBB331E6EBF27431A3FB447883FA0
:10FA4800A5BAB9BED3EED83EE749A9BE4FA6DBBCDE
:10FA5800328731BEC16AD53ED8FA8C3E7EA2153FA8
:10FA68009847843FE649D8BF153884BFA683AD3E82
:10FA78007B4BBCBDF1C3113F5600053F13499BBFEB
:10FA880007B59BBFFCD5043F71A0AFBF1D28CF3D74
:10FA9800A34B1AC0702294BF904452C0CC9615BF95
:10FAA800D270CABBB51A62BFAA81E1BE36878D3F44
:10FAB800228BBABEDDC2193FE49406C0F79FBBBFD4
:10FAC800047499BD16E483BD41B2753D3D60E2BD45
:10FAD8005401F33B120424BE26FAC0BC1CAD163EEA
:10FAE800713ABCBDC38DB1BDC50E95BDF7E2EEBC84
:10FAF800650D17BE0690A5BD729092BD6DA0AABDFA
:10FB080049831A3D8A5F82BDDAEF61BD0EDAE1BD35
:10FB18000D1F6F3D503B17BC49C8F63BB5A0963D3D
:10FB28003BAAA1BD8D5FAC3DAADE9B3DD153F8BD7C
:10FB38006ED7963D902152BD105F27BE6C3014BE23
:10FB480005A1B5BE8ACEBF3D4516C23D3922A5BF27
:10FB58002E1420BE7987053E3AC2563EBF42CBBD21
:10FB6800D22F8A3FA59BCBBDA0715E3E6E3701BFE9
:10FB7800640A943F7F86F73ED3422BBE5658833F94
:10FB880092C93F3D9ED246BEC670533F31A751C071
:10FB9800AA84EE3E1D5DE1BE4397C83F2E558B3EBD
:10FBA80044B52BC0A8A34BBF13AD46BE096A06BF18
:10FBB8003665C73D45A88F3F873EB8BD40F3C93E6F
:10FBC8005ACC00C0DCB234BE672AD43EEBD9DFBEC3
:10FBD800F622A33DF28EA8BD96F82BBF3AD17A3D06
:10FBE800DF7C7D3E273B4B3C3892773D1E36CE3C32
:10FBF800834AC33BD89ADEBDC4D89BBC9D1AEE3E4F
:10FC080085AC6E3F0FCB6C3E122030BE207EEBBD24
:10FC1800009072BB5F01CE3D4F30503C1C84FEBE4D
:10FC280095D02BBE26CE7BBEEFD0B6BDB6E8F53D4F
:10FC3800D9C6B2BE8F09973E6CE4893EDE30CB3E12
:10FC48004389AF3E894317BD3C3632BEE73CA43EEC
:10FC58004BDB0ABD0727E23CA20B35BEAC2F38BEF2
:10FC68006632E8BE430AEE3D5E29B43E5AE5F8BC6A
:10FC78008FD494BF195CA5BE251B0E3F124B633F62
:10FC880084A44CBDF029A0BEB5A19D3F0854C0BCBA
:10FC9800C30DE3BDEFAA16C02B506CBE5AF1BD3E92
:10FCA80063321B3E8416113F91521EBFB59FD3BFCE
:10FCB80065622C3EDACF91BF1161243E01A56B3FEE
:10FCC800914347BD31951F3EE94A703DFAD42F3E16
:10FCD800A28A04BE345C6EBDC772A1BC131F953ED8
:10FCE8003DEFFE3EB994603E82CBFABDF398BE3E2E
:10FCF800A3F05C3F0C5B513F61D78BBE5F81C0BFF7
:10FD080045CA7A3F71906A3EA72A603E016D90BE4F
:10FD18008E015D3C32332BBE3975CCBC05DC023E0E
:10FD28009584E2BCA4DC97BD28EDCABE46782D3F79
:10FD3800C972A83E3D7BB73F3C92BEBE67B0403E0D
:10FD4800DF2FD33E4678A63E2F2A3F3E1217503E5D
:10FD58006D1918BE82669F3C20EFAB3E88DDA63E3B
:10FD680079E9E53E99830A3E17E808BF1214723D07
:10FD7800927A1CBF7F961BBD9AD695BEE4736FBF5F
:10FD88005C21143ECA07693E6B1F41C04DCEDCBDE5
:10FD98001AB7BEBFF7F5C33FCC2822BED26819BF39
:10FDA8001B64DE3DAEB1ABBED45A3D3E2FCB12C074
:10FDB80054C46DBD4C6B8A3FC27A23BF72BB5ABF15
:10FDC80045C4873BA0400ABEE5C9223F5BB613BDC8
:10FDD800F3D70BBEC0FC003DDE52823EF338BA3E7C
:10FDE800E23DC1BFDE0513BFDA6240C063D5CB3D3B
:10FDF8003D82CE3F46679A3E4628AD3E58F1FBBF4E
:10FE0800C8D0DC3EAB5A9EBE6D7274BFEEC6923D42
:10FE18008616303F8F40A7BE8F7A26C0B656B4C02C
:10FE280057A5C1BE70C62EBFAEE672BE4900AFBCB4
:10FE3800FBF3E23EA7AAD43C05F120BFDCA39EBF9A
:10FE4800CAFE8CBDDEC607BF72DB603F5EBDADBEBD
:10FE5800FF80BDBCBC89303F4BDF90BC7667F5BDE9
:10FE680004C7EB3EE2CA893DF976DE3EED9982BFD2
:10FE780029FB13BFC41FD23EB772933EC1C190BEC7
:10FE880049394BBFF3B26CBE0162DA3EC051D5BFEF
:10FE9800E562693F11C699BFEBB1743E5B4C0ABF7E
:10FEA80097541DBF2F7F1FBF2CB13ABEA16551C00B
:10FEB80061620E3EE422ABBD0F3EA3BEDA9D8B3ECF
:10FEC800EA3BD23DECA97E3DDB6E2DBE0F52DF3EF4
:10FED8003104EBBD1FB115BD0271BF3EF8D2013F21
:10FEE80088C58A3EAC7890BF4D320DBD7D5B183F0A
:10FEF800D35590C0F338B03E063515BFE48C98BF93
:10FF0800A61364BF4EA9DDBF2B6B60C02039C13D6D
:10FF1800C69D88BF4D8F09C0854AB73AF36619C098
:10FF2800D6CCE23ED8694ABEFDAD123DC3481EC0DC
:10FF38003CAFAB3ED3D98EBE961955C0DB1538BE43
:10FF480067F26FBE23C702BE9CEFD5BECF6726BE41
:10FF5800298100BE9022F4BF7377ACBDC01DDFBEFF
:10FF680028E514C07A6DDD3E14CBE03F38A158BEB9
:10FF7800967C94BF65A396BEF814CE3F00C2EE3EB1
:10FF88004DFE54BF60F2963D7FA306401C16E9BEA5
:10FF98002078483FE97DC6BD488A91BEE7854B3F3A
:10FFA8008DAA53BF96948BBFFB15C0BEC26EBAC054
:10FFB800ED73953E7505D8BFF264EC3ED79D9ABDAA
:10FFC8008A18323ED0C59B3DECD8593DCC1D0F3E1A
:10FFD80081122BBE5BB1433EE7A3CD3E2BC0F63D5D
:10FFE8005C492EBE7A08873E276BBC3E200C8E3EAD
:08FFF8004F5DE6BFAC7E2CBF9B
:020000040801F1
:100000003EAE1F3F88F0AF3F4006143F5E2BC5BD9C
:10001000BB69AB3E7383D03EAC765FC057FD1DC05D
:1000200041D7DFBF362A903F03A6903E9EF5BF3EE4
:100030002BC89CBE1816E73E5E97963E15122CBF45
:1000400042D26F3FD9FF383FCD90A03E856D363C00
:100050000EB494BF70183B3EBF7A813D4C666D3E36
:10006000A66EDDBCA8DF853C62458ABFDC90293ED8
:1000700022B29C3D55D97F3E4656B8BF85D984BE35
:10008000E269D1BD1C793BBEEB7DAC3E91C078BE30
:10009000D1C8E03F12A4D1BCBDFE253DEC0077BF26
:1000A0004417C73EE480DB3D580B98BD7764FE3EA5
:1000B00074BFB73D3995B8BFB8E012BC95739DBF0A
:1000C00040F551BCDCBD8D3FBC951E3E61ABBBBE57
:1000D000DC440EBF1203B3BCEF86ECBDCFAD08BE4F
:1000E000AEFF4BBF57081ABFF72F2C3F4047C1C088
:1000F000F5C1953E210FD9BE66F3F2BFC5F331C0FD
:10010000C4A4D6BDB45BF5BE8F71103F5664743C79
:10011000C43BA83E3422D2BE15E6F63FEF7017BFAF
:10012000AA09163E30329A3EE120073DC390E63CD4
:10013000E42709BE5F1283BF5E1A4FC04D16CE3F43
:100140008E4294BFFD9737BFBAB2783EFE5DBD3D8B
:100150004D04633E6848E0BE1C12E7BDEAD693BD7D
:100160004E639CBD9DA40EBE08FBBA3CDEB367BEC9
:10017000E44A763E8A0FE0BC2FDDD43E30818C3ECF
:100180009D85B2BE4405A73EE89559BF3CFD3B3C6A
:10019000272EF33EE14B7CC0F34A483F0F58A0BEE8
:1001A000AE17ADBD72B391BE3AEA25C0C88575BF22
:1001B00054064ABCCBB30CC01DEC553DED7BF43E60
:1001C000253165BE5EA853BAFB4D2E3FF9940BBD99
:1001D00022A42EBEC83EA93E2F5699BD83DC12BF75
:1001E000B8F78FBE27FE72BEB0671A3E5953033F61
:1001F00095AE883C63ACE6BE2324BB3EA678BF3DEB
:10020000DB6F4ABEEA0A9ABD4F73F5BE41E116BEE6
:10021000C4200B3FD8CF2A3D4F399D3F7318D33FA1
:100220007C01603F8B52B83E05DEEA3ED4E1243EBD
:100230008EE2E33E0DAE14400738C23E3B493C3EE1
:10024000F97F5C3E7C5FF3BE740E983C81D8C2BDE2
:100250001B3697BD7A9F24BE5288ADBDEA19EB3993
:100260002ED3E0BD576DABBB8D020EBE94AFE4BD87
:100270001CEFD73D232B14BE78BCFEBDECA6D2BD2F
:1002800044B79F3DB1FDA1BCD75CE2BA7DF6963D77
:10029000D459063D16BBA7BD56E6353D1A95FABDA5
:1002A000CF81EE3DFE0F123E64D719BED4DEB5BD40
:1002B000CF28BE3D30A5663DFD6614BDC90EA5BD67
:1002C000EA7F0DBEC68886BD504E21BF5838543EC9
:1002D00054534ABFED46DABE5F09173E0EAF313FB9
:1002E000A324C53EBCF4933EF9C847BF6B913EBE04
:1002F000B18523BFE2B91B4011AF41C03F0DCFBE56
:100300009CD425C0B8E105BEECF8343F5CFDAFBE1F
:100310007A98C7BE431D58BD43DA523F61CE21BF14
:10032000BD6D3B3F4DA6983D380631BED287BDBE60
:100330004758033FF543ACC0EEDFF73D711EE2BF07
:10034000987204C04931963FB4C6E23E5F14F23C55
:10035000F119A23BC798573E78FB33BE56BF5FBF2B
:10036000A26055BE224331BE6D978ABE5292BFBD78
:10037000BE65183EDF096CBD0FEA39C00A6211BFC5
:10038000CB82B1BEBC307DBE05795A3DB383953E6C
:1003900039D9B63FC9799CBDA9970EBF090B21C0B9
:1003A000B64303BFF5C09B3EA5962B3E7E06163F87
:1003B000928286BE8B1C7FC0135AEEBDCE11C5BF84
:1003C0009D30B4BF0BA3543FF26CB7BF19198E3EDA
:1003D0007F4C0D3F1B54B03ACD161BBE7915183F0C
:1003E0001C51F83EEAF2093F3925BCBEAE5FA4BEFF
:1003F000E423813F589A983D47F3953F37A5AB3E9C
:10040000343851BF75F3C0BF6528F93E6ACCFBBBD9
:10041000FD3681BFD1765CBE74C6DBBFB8FD15BDAD
:100420003C39DA3E3DEAB4BE6F1B12BFB845A5BFEA
:10043000A1D8563F0E6ED53F9B5BFEBC4C89743FE6
:100440007D858ABF1DAB3F3E40370C3E3CBB75BF30
:100450000F4D85BF3960853DAAB12BBDC1AE5FBED2
:10046000BD00EFBF589E52BFF931DCBD8FF8E33EAF
:100470001E60293F4A5E28BF7661143E3F67103FE9
:100480005278F3BDC5189A3EF8E9E7BD7CD2AB3E81
:10049000FA0F2C3FF1EA08BEA78D5BBF98851DC0FF
:1004A000FA58EBBFB1DAD23D9D3FB1BF27719EBF75
:1004B000C04E7EBD64821EC050351C3F7780FEBE9C
:1004C000DBEBCD3E9704033FDC469DBE1788303EF4
:1004D0005A9E6BBFDC69E8BD7B1B333EC124093FDC
:1004E0008D8D483C16DDBF3E7F2DECBF50A78A3E68
:1004F000D44A0BC07C70E73EF8EEA53EC884A93E06
:10050000A59A42BF66DB87BD11DB53BFEEE2FE3E1C
:1005100009B7A0BF7E63363E14A78CBE6B568E3ED5
:100520002C55D83E3C4EA2BFB71FA93D0A8518BF27
:1005300081CFB4BD3B548EBE6D7E133ECAD90FBE73
:10054000A322C4BE5612F8BD3F5B693E5C4C4D3ED3
:10055000795D9FBD7D00C33E64958FBC4742B13E2F
:1005600093B23A3E46E776BE2484403E7028283E49
:10057000A947AF3DDC94D5BDBDF3C4BD958C7FBE0E
:100580005675C93E7C9F4BBE2042F03EF911533E4A
:100590002D508BBD3A1F973E1BE9B0BDD2CAB23E6B
:1005A0000B0A563E372914BFC65C89BE4947EC3D4D
:1005B0000E5DD8BB3A385E3CEDE2103E0CA0BE3D6D
:1005C0003EE68C3D83AFA63DD5CBE03FDCCCA7BF5C
:1005D0006977C0C05EB96D3F895698BD3612603EDE
:1005E0007060963F1A7190BF344331BF4A2E04BFEA
:1005F00092DDAF3FB084C43D633538C06FB3DA3F9E
:10060000633BE4BE14BC483DA6E5AF3EC7AB974094
:1006100073F2FABF7CBE80BE613D33C0A1EF43BF21
:10062000C584E1BCB0A60C4076C6C1BFD9449E3F8C
:100630008D720B3D06E54BBFD800833D00C9823F5C
:100640001F4253C0683AAF3F00000000010203049C
:10065000010203040607080902040608494E460081
:10066000696E66004E414E006E616E0030003031A2
:100670003233343536373839414243444546003009
:100680003132333435363738396162636465660038
:10069000496E66696E697479004E614E0052454537
:1006A0004E54206D616C6C6F632073756363656578
:1006B000646564002F6275696C642F676E752D74B4
:1006C0006F6F6C732D666F722D73746D33325F3183
:1006D000342E332E72656C312E3230323531303259
:1006E000372D303730302F7372632F6E65776C691A
:1006F000622F6E65776C69622F6C6962632F737409
:10070000646C69622F64746F612E630042616C6C6B
:100710006F6320737563636565646564002F62753C
:10072000696C642F676E752D746F6F6C732D666FB7
:10073000722D73746D33325F31342E332E72656CCB
:10074000312E32303235313032372D303730302F94
:100750007372632F6E65776C69622F6E65776C6953
:10076000622F6C6962632F7374646C69622F6D70A1
:100770007265632E6300232D302B2000686C4C00C3
:10078000656667454647004300504F534958002E61
:10079000002C2066756E6374696F6E3A2000617379
:1007A00073657274696F6E202225732220666169F9
:1007B0006C65643A2066696C6520222573222C20C2
:1007C0006C696E65202564257325730A000000009E
:1007D00005000000190000007D000000000000007E
:1007E0000080E03779C34143176E05B5B5B893462D
:1007F000F5F93FE9034F384D321D30F94877825AF9
:100800003CBF737FDD4F1575000000000000F03F16
:1008100000000000000024400000000000005940DB
:100820000000000000408F40000000000088C3402E
:1008300000000000006AF8400000000080842E41A3
:1008400000000000D01263410000000084D79741EF
:100850000000000065CDCD41000000205FA00242F5
:10086000000000E876483742000000A2941A6D426A
:10087000000040E59C30A2420000901EC4BCD6425D
:1008800000003426F56B0C430080E03779C3414308
:1008900000A0D8855734764300C84E676DC1AB437E
:1008A000003D9160E458E143408CB5781DAF15449C
:1008B00050EFE2D6E41A4B4492D54D06CFF0804477
:1008C000F64AE1C7022DB544B49DD9794378EA448C
:1008D0000020202020202020202028282828282010
:1008E0002020202020202020202020202020202008
:1008F0002088101010101010101010101010101070
:10090000100404040404040404040410101010105F
:100910001010414141414141010101010101010129
:10092000010101010101010101010101101010107B
:1009300010104242424242420202020202020202FB
:10094000020202020202020202020202101010104F
:100950002000000000000000000000000000000077
:100960000000000000000000000000000000000087
:100970000000000000000000000000000000000077
:100980000000000000000000000000000000000067
:100990000000000000000000000000000000000057
:1009A0000000000000000000000000000000000047
:1009B0000000000000000000000000000000000037
:1009C0000000000000000000000000000000000027
:1009D00000000000000000006042A20D0000004086
:1009E0000000803F000000000000000000000080C8
:1009F000182D4454FB210940182D4454FB2109C0F3
:100A0000182D4454FB21E9BFD221337F7CD9024009
:100A1000D221337F7CD902C0E2652F227F2B7A3C22
:100A2000075C143326A6813CBDCBF07A8807703C66
:100A3000075C143326A6913C4FBB610567ACDD3FD4
:100A4000182D4454FB21E93F9BF681D20B73EF3FF5
:100A5000182D4454FB21F93F59F3F8C21F6EA5012C
:080A6000000000000000F03F5F
:080A680008F7FE7F0100000009
:040A70005501000824
:040A74003101000844
:100A78000000803F00000000000000000000803FF0
:100A88000000803F00000000000000000000803FE0
:100A980000802245000040410AD7A33B20DF000820
:100AA80014DF000800000000000000000000000043
:100AB800000000000000000000000000000000002E
:100AC800000000003CDF00080000803FFF0000003D
:100AD800FF00000001000000070A00005CEB0008AE
:100AE80000A24A0402000000000000000300000009
:100AF800600500208800002000000000600500203C
:100B0800C80500203006002000000000000000009A
:100B180000000000000000000000000000000000CD
:100B280000000000000000000000000000000000BD
:100B380000000000000000000000000000000000AD
:100B4800000000004300000000000000000000005A
:100B5800000000000000000000000000000000008D
:100B6800000000004300000000000000000000003A
:100B7800000000000000000000000000000000006D
:100B8800000000004300000000000000000000001A
:100B9800000000000000000000000000000000004D
:100BA80000000000430000000000000000000000FA
:100BB800000000000000000000000000000000002D
:100BC80000000000430000000000000000000000DA
:100BD800000000000000000000000000000000000D
:100BE80000000000430000000000000000000000BA
:100BF80000000000000000000000000000000000ED
:100C08000000000043000000000000000000000099
:100C180000000000000000000000000000000000CC
:100C2800000000008DCB00080DCB0008000000007C
:100C3800D00801088F070108CC070108CC07010874
:100C4800CC070108CC070108CC070108CC0701082C
:100C5800CC070108CC070108CC070108FFFFFFFFFC
:100C6800FFFFFFFFFFFFFFFFFFFF000001004153F1
:100C78004349490000000000000000000000000097
:100C880000000000000000000000000000004153C8
:100C98004349490000000000000000000000000077
:100CA800000000000000000000000000000000003C
:0400000508009BC193
:00000001FF
